Date,Crime_Type,Latitude,Longitude,District
2025-04-14,Robbery,-19.749411,28.53022,Harare
2025-01-14,Vandalism,-21.620562,31.948148,Mutare
2025-05-20,Vandalism,-20.148951,26.162161,Bulawayo
2025-04-23,Robbery,-15.612615,25.103432,Harare
2025-01-20,Robbery,-16.363815,30.673244,Chitungwiza
2025-02-03,Robbery,-21.827077,31.313733,Mutare
2025-04-04,Assault,-21.735594,26.275743,Gweru
2025-03-15,Drug Offense,-16.189162,32.053279,Harare
2025-02-06,Vandalism,-16.833757,31.340189,Bulawayo
2025-02-13,Theft,-16.19754,26.781992,Bulawayo
2025-04-29,Vandalism,-15.700401,26.569516,Marondera
2025-02-10,Theft,-17.936624,31.945547,Mutare
2025-04-11,Vandalism,-21.18926,25.512334,Masvingo
2025-02-23,Vandalism,-15.406521,29.722762,Gweru
2025-05-16,Robbery,-15.696546,30.348124,Masvingo
2025-03-11,Fraud,-20.734255,30.524232,Mutare
2025-03-23,Theft,-15.034283,32.764774,Bulawayo
2025-02-04,Vandalism,-15.224517,33.602461,Masvingo
2025-01-05,Assault,-17.846099,29.35538,Chitungwiza
2025-03-14,Drug Offense,-19.015938,28.636603,Chitungwiza
2025-04-06,Assault,-17.585897,27.520462,Mutare
2025-01-10,Robbery,-20.677574,32.617769,Marondera
2025-02-04,Fraud,-17.082848,25.830669,Bulawayo
2025-03-08,Assault,-19.053144,33.200514,Harare
2025-03-14,Drug Offense,-21.024423,26.315747,Marondera
2025-04-25,Robbery,-20.50898,27.291389,Marondera
2025-03-08,Theft,-16.523917,26.746788,Kadoma
2025-01-10,Robbery,-21.717214,25.390108,Gweru
2025-02-23,Theft,-21.118151,26.981659,Marondera
2025-02-24,Drug Offense,-15.623387,30.825024,Gweru
2025-02-10,Vandalism,-20.166309,29.720282,Harare
2025-04-11,Burglary,-16.858359,27.757923,Mutare
2025-04-19,Fraud,-16.157613,30.085404,Gweru
2025-04-07,Drug Offense,-16.111442,28.261197,Masvingo
2025-01-04,Burglary,-20.642836,28.021152,Masvingo
2025-02-02,Assault,-16.623752,25.012147,Harare
2025-01-19,Fraud,-21.655808,29.091703,Marondera
2025-04-14,Fraud,-16.873674,31.769769,Harare
2025-04-10,Assault,-18.367401,30.687531,Gweru
2025-05-17,Fraud,-18.013137,26.76906,Harare
2025-03-24,Burglary,-19.264882,29.049485,Bulawayo
2025-02-10,Fraud,-15.038822,29.879855,Gweru
2025-03-27,Drug Offense,-16.502746,33.337652,Chitungwiza
2025-02-08,Vandalism,-17.486194,31.38099,Gweru
2025-05-18,Robbery,-15.489572,28.542324,Mutare
2025-02-24,Theft,-21.839321,33.02938,Kadoma
2025-03-05,Theft,-20.664914,28.987263,Marondera
2025-04-02,Fraud,-17.607843,28.291834,Marondera
2025-04-24,Assault,-19.928185,27.941121,Chitungwiza
2025-02-24,Drug Offense,-18.419546,30.163321,Gweru
2025-04-12,Theft,-18.776796,28.089753,Mutare
2025-05-03,Vandalism,-17.101586,25.912599,Chitungwiza
2025-03-21,Fraud,-20.269019,31.809442,Kadoma
2025-03-21,Assault,-16.774449,27.046564,Mutare
2025-03-24,Vandalism,-16.279998,33.407912,Masvingo
2025-01-24,Vandalism,-18.052936,29.749985,Chitungwiza
2025-03-02,Burglary,-18.797017,28.072229,Mutare
2025-05-07,Drug Offense,-16.110716,33.553482,Harare
2025-04-12,Theft,-21.924631,30.665246,Gweru
2025-03-12,Assault,-17.342156,26.611732,Kadoma
2025-04-24,Assault,-19.805651,27.107143,Kadoma
2025-03-23,Theft,-18.068248,27.432315,Masvingo
2025-03-09,Drug Offense,-17.862134,28.703445,Mutare
2025-02-20,Drug Offense,-20.89869,31.792783,Mutare
2025-04-19,Vandalism,-19.170368,32.412562,Masvingo
2025-04-16,Fraud,-19.832233,26.824715,Gweru
2025-04-06,Drug Offense,-17.563599,32.011394,Chitungwiza
2025-05-01,Fraud,-21.200809,27.42459,Gweru
2025-02-17,Fraud,-19.351994,33.157407,Marondera
2025-01-25,Assault,-17.257959,31.275017,Mutare
2025-03-20,Vandalism,-20.834163,31.93297,Marondera
2025-01-16,Assault,-18.776674,25.917967,Kadoma
2025-03-20,Fraud,-16.814292,30.326679,Harare
2025-01-17,Vandalism,-20.55678,26.463717,Masvingo
2025-02-06,Vandalism,-15.514648,28.730119,Masvingo
2025-01-10,Assault,-15.045108,27.840066,Mutare
2025-03-13,Vandalism,-21.635757,25.230478,Bulawayo
2025-03-10,Fraud,-18.681607,33.323491,Marondera
2025-03-13,Vandalism,-19.268161,28.076956,Harare
2025-01-11,Burglary,-20.294305,32.722883,Masvingo
2025-01-30,Drug Offense,-17.978933,28.780615,Masvingo
2025-03-16,Robbery,-16.722497,27.70389,Gweru
2025-01-31,Theft,-16.034434,31.910217,Harare
2025-03-25,Fraud,-17.621104,32.753316,Marondera
2025-04-28,Burglary,-16.953088,28.945539,Bulawayo
2025-03-22,Robbery,-21.911781,29.37437,Kadoma
2025-03-02,Drug Offense,-18.072176,33.153904,Gweru
2025-01-06,Fraud,-19.416299,30.711089,Masvingo
2025-02-12,Fraud,-15.866001,30.500734,Harare
2025-01-11,Burglary,-19.072459,27.040442,Harare
2025-02-17,Theft,-17.938779,27.733292,Masvingo
2025-05-20,Vandalism,-16.702984,31.665331,Harare
2025-02-06,Robbery,-16.16627,27.708653,Kadoma
2025-03-14,Robbery,-17.541637,33.443827,Gweru
2025-05-19,Burglary,-18.540668,31.921244,Masvingo
2025-01-20,Drug Offense,-18.13789,28.610689,Marondera
2025-04-03,Assault,-15.861602,30.668714,Gweru
2025-04-06,Robbery,-20.734179,30.80836,Marondera
2025-03-23,Robbery,-18.091187,26.444997,Chitungwiza
2025-04-10,Burglary,-18.544311,33.810719,Masvingo
2025-03-07,Assault,-16.154304,28.914507,Gweru
2025-01-30,Theft,-21.466315,32.676189,Harare
2025-02-22,Fraud,-19.644505,28.583345,Kadoma
2025-03-28,Fraud,-15.368226,25.642977,Gweru
2025-02-13,Fraud,-16.402967,29.139328,Marondera
2025-04-11,Robbery,-20.147877,33.221723,Kadoma
2025-04-25,Fraud,-19.836908,26.539521,Mutare
2025-01-20,Burglary,-21.030413,33.162433,Bulawayo
2025-02-06,Drug Offense,-17.244494,28.180611,Harare
2025-04-21,Robbery,-17.785224,32.433317,Chitungwiza
2025-05-04,Drug Offense,-18.375779,26.975688,Bulawayo
2025-04-23,Assault,-16.400695,30.458089,Marondera
2025-03-20,Drug Offense,-20.015953,31.928284,Bulawayo
2025-02-11,Theft,-21.901372,28.557406,Mutare
2025-04-01,Burglary,-17.052064,26.129457,Mutare
2025-01-20,Fraud,-16.57666,32.109155,Kadoma
2025-01-21,Burglary,-16.33153,32.187038,Gweru
2025-04-08,Robbery,-17.801507,29.176807,Masvingo
2025-04-14,Assault,-18.141017,25.135401,Kadoma
2025-01-10,Fraud,-15.928846,29.30826,Masvingo
2025-02-26,Burglary,-21.063878,27.855929,Mutare
2025-05-16,Vandalism,-19.548232,27.396518,Bulawayo
2025-02-01,Vandalism,-18.044696,29.609863,Masvingo
2025-01-06,Vandalism,-16.123213,26.844911,Chitungwiza
2025-02-18,Fraud,-16.108213,33.88077,Mutare
2025-05-07,Assault,-20.218203,30.383372,Kadoma
2025-02-11,Robbery,-19.144816,32.078777,Mutare
2025-04-28,Vandalism,-19.629779,32.031659,Bulawayo
2025-04-25,Robbery,-20.653529,32.799321,Marondera
2025-04-28,Assault,-16.34639,28.253709,Masvingo
2025-04-08,Theft,-16.501779,33.31183,Kadoma
2025-02-05,Drug Offense,-18.230488,32.556809,Marondera
2025-05-09,Vandalism,-18.864042,28.882143,Harare
2025-03-21,Theft,-19.15722,33.903329,Mutare
2025-05-11,Fraud,-20.763396,25.042506,Masvingo
2025-01-22,Assault,-19.291015,33.949041,Bulawayo
2025-01-14,Burglary,-20.100892,30.441181,Chitungwiza
2025-02-19,Burglary,-17.150181,29.464343,Marondera
2025-03-08,Robbery,-20.668449,33.279666,Kadoma
2025-01-05,Fraud,-18.676066,29.876428,Gweru
2025-04-06,Drug Offense,-21.324795,30.399518,Harare
2025-04-14,Theft,-20.162372,32.381527,Kadoma
2025-01-16,Theft,-16.549527,30.498097,Harare
2025-01-06,Robbery,-17.286013,30.851492,Bulawayo
2025-02-12,Drug Offense,-21.666362,28.463502,Kadoma
2025-05-02,Fraud,-19.42289,27.976314,Chitungwiza
2025-03-21,Drug Offense,-19.273265,31.256582,Chitungwiza
2025-03-11,Drug Offense,-16.676898,28.653858,Marondera
2025-05-01,Robbery,-15.10313,29.049327,Marondera
2025-05-05,Robbery,-18.383291,27.45787,Kadoma
2025-02-25,Vandalism,-19.199255,31.839505,Kadoma
2025-02-01,Fraud,-20.509698,29.042724,Mutare
2025-02-28,Fraud,-19.600916,31.114123,Bulawayo
2025-01-21,Burglary,-19.565766,25.650378,Masvingo
2025-03-21,Robbery,-16.321308,29.117746,Marondera
2025-04-03,Robbery,-17.253427,26.903822,Marondera
2025-04-16,Burglary,-18.015005,32.369506,Bulawayo
2025-01-17,Burglary,-17.031201,27.719864,Chitungwiza
2025-04-30,Drug Offense,-17.914455,29.873645,Chitungwiza
2025-02-28,Theft,-18.19733,30.542259,Mutare
2025-04-18,Drug Offense,-19.883092,33.885613,Marondera
2025-03-16,Theft,-17.347878,32.85313,Harare
2025-02-04,Burglary,-21.467489,30.143321,Masvingo
2025-02-21,Robbery,-19.627455,26.066175,Marondera
2025-02-18,Theft,-19.968883,27.745205,Kadoma
2025-01-02,Drug Offense,-19.886391,25.711837,Chitungwiza
2025-05-08,Fraud,-18.285246,31.293755,Kadoma
2025-03-24,Assault,-15.189107,26.802988,Gweru
2025-03-17,Burglary,-18.451292,25.097916,Chitungwiza
2025-01-03,Assault,-21.313623,26.133812,Chitungwiza
2025-05-04,Burglary,-16.266106,28.347712,Gweru
2025-02-04,Fraud,-17.446549,33.571307,Kadoma
2025-02-17,Assault,-16.543664,30.7607,Chitungwiza
2025-01-21,Fraud,-15.508499,27.887543,Masvingo
2025-02-12,Burglary,-16.681815,30.147528,Chitungwiza
2025-01-23,Vandalism,-21.407425,32.035251,Gweru
2025-04-01,Fraud,-20.911156,30.006758,Harare
2025-04-23,Vandalism,-17.16145,30.198431,Mutare
2025-01-28,Drug Offense,-20.027468,29.749484,Chitungwiza
2025-02-12,Assault,-21.230857,26.254928,Mutare
2025-03-14,Robbery,-20.123165,25.000043,Bulawayo
2025-04-29,Robbery,-19.008138,33.024523,Bulawayo
2025-04-07,Robbery,-21.397858,31.69209,Chitungwiza
2025-04-21,Drug Offense,-16.160137,32.739238,Mutare
2025-01-03,Theft,-20.948165,29.384593,Kadoma
2025-04-24,Burglary,-18.752792,28.601651,Kadoma
2025-03-12,Drug Offense,-16.205187,32.04395,Marondera
2025-01-20,Robbery,-20.188905,32.722532,Bulawayo
2025-04-26,Burglary,-15.932835,31.174704,Harare
2025-03-25,Assault,-20.730575,32.481064,Chitungwiza
2025-04-25,Drug Offense,-17.970781,25.33361,Chitungwiza
2025-01-24,Robbery,-18.953575,25.196871,Kadoma
2025-03-24,Fraud,-15.742891,29.986005,Chitungwiza
2025-05-18,Vandalism,-16.432911,25.626743,Masvingo
2025-01-27,Vandalism,-16.315208,27.11135,Kadoma
2025-01-23,Burglary,-17.863227,26.887977,Gweru
2025-05-03,Drug Offense,-16.836863,32.857027,Bulawayo
2025-01-17,Theft,-15.477401,27.186322,Bulawayo
2025-03-01,Vandalism,-20.80908,28.366589,Gweru
2025-02-07,Burglary,-17.981465,27.240088,Harare
2025-03-27,Vandalism,-15.136014,25.972284,Gweru
2025-03-06,Robbery,-18.695852,29.413931,Marondera
2025-04-20,Assault,-18.325168,27.164069,Gweru
2025-03-14,Fraud,-21.506027,26.903456,Mutare
2025-05-03,Drug Offense,-15.256061,25.691748,Masvingo
2025-01-14,Vandalism,-17.208668,27.325881,Bulawayo
2025-04-25,Theft,-19.202032,28.311067,Kadoma
2025-01-21,Assault,-16.090811,26.704362,Bulawayo
2025-03-02,Fraud,-17.758504,26.404831,Gweru
2025-04-30,Drug Offense,-15.458887,28.441619,Gweru
2025-03-25,Robbery,-16.594015,27.590683,Bulawayo
2025-04-07,Robbery,-15.964709,26.398483,Masvingo
2025-05-16,Vandalism,-16.12919,27.230773,Gweru
2025-04-27,Burglary,-20.642206,28.759383,Marondera
2025-03-22,Assault,-20.955461,25.991538,Kadoma
2025-04-12,Robbery,-15.949577,25.018107,Harare
2025-01-20,Theft,-17.656995,31.672377,Marondera
2025-03-31,Fraud,-18.688932,25.750561,Mutare
2025-03-26,Burglary,-15.894457,32.768412,Marondera
2025-03-16,Theft,-19.391728,32.6068,Harare
2025-02-22,Vandalism,-18.930838,30.659056,Masvingo
2025-02-03,Assault,-20.280096,32.833353,Mutare
2025-01-12,Burglary,-17.611031,33.769565,Marondera
2025-04-19,Theft,-17.848101,27.772979,Masvingo
2025-04-15,Assault,-20.248484,25.721327,Gweru
2025-01-01,Robbery,-19.644935,26.468033,Gweru
2025-01-24,Fraud,-17.77827,33.486013,Mutare
2025-02-18,Drug Offense,-17.204395,33.942511,Mutare
2025-05-18,Vandalism,-15.557758,26.817785,Marondera
2025-03-08,Assault,-17.442258,30.553217,Masvingo
2025-03-04,Assault,-16.954961,29.36098,Harare
2025-03-02,Theft,-15.02703,31.535238,Harare
2025-03-11,Assault,-21.060765,31.60347,Marondera
2025-04-26,Vandalism,-16.185395,32.624467,Bulawayo
2025-01-13,Assault,-19.007879,33.359422,Chitungwiza
2025-02-18,Burglary,-18.038852,30.039724,Harare
2025-03-19,Drug Offense,-16.040289,33.576096,Bulawayo
2025-03-06,Fraud,-18.648223,30.805183,Gweru
2025-02-25,Theft,-15.724942,29.130496,Gweru
2025-05-13,Burglary,-21.460595,31.626127,Masvingo
2025-03-02,Theft,-15.3985,29.111503,Marondera
2025-02-25,Assault,-17.655978,30.701866,Masvingo
2025-02-08,Fraud,-16.264854,28.174742,Masvingo
2025-02-28,Burglary,-21.989583,26.964774,Gweru
2025-05-12,Robbery,-20.390704,25.043469,Kadoma
2025-02-10,Robbery,-19.928666,33.811067,Harare
2025-01-22,Fraud,-15.540903,33.57811,Masvingo
2025-04-19,Vandalism,-15.347833,29.680434,Mutare
2025-02-05,Robbery,-15.273896,26.610026,Bulawayo
2025-05-07,Vandalism,-18.831084,32.697751,Gweru
2025-04-10,Drug Offense,-19.525574,30.994919,Masvingo
2025-01-28,Drug Offense,-20.639013,29.950693,Bulawayo
2025-03-17,Assault,-18.98675,30.328228,Mutare
2025-05-11,Burglary,-19.015856,32.172242,Mutare
2025-01-24,Fraud,-21.29823,33.547728,Bulawayo
2025-01-28,Fraud,-18.900402,29.406114,Kadoma
2025-03-11,Theft,-21.050277,28.596507,Chitungwiza
2025-03-25,Vandalism,-19.869042,26.740804,Kadoma
2025-03-09,Vandalism,-20.341495,31.650665,Gweru
2025-02-26,Fraud,-21.298382,25.808622,Chitungwiza
2025-02-26,Theft,-20.173392,26.354836,Gweru
2025-04-30,Fraud,-17.192976,29.175579,Bulawayo
2025-01-30,Vandalism,-20.225221,27.383328,Mutare
2025-03-31,Vandalism,-19.258197,30.639757,Bulawayo
2025-01-31,Fraud,-16.189894,26.6402,Marondera
2025-02-02,Fraud,-18.475082,31.003285,Bulawayo
2025-03-08,Vandalism,-17.849378,30.575904,Kadoma
2025-02-12,Burglary,-21.523699,31.328676,Mutare
2025-01-15,Theft,-15.834847,27.176815,Marondera
2025-04-10,Drug Offense,-16.716792,27.907982,Bulawayo
2025-02-07,Drug Offense,-16.032511,31.019685,Marondera
2025-04-07,Robbery,-17.364051,32.848782,Gweru
2025-04-09,Robbery,-15.687038,25.302076,Marondera
2025-03-01,Drug Offense,-17.30575,29.744094,Bulawayo
2025-04-13,Assault,-19.466855,33.967361,Masvingo
2025-05-13,Assault,-17.777205,27.393048,Gweru
2025-01-26,Theft,-15.829379,31.341725,Masvingo
2025-04-30,Theft,-17.651702,25.501313,Kadoma
2025-02-25,Robbery,-20.023857,32.925288,Mutare
2025-04-27,Drug Offense,-17.941578,32.812001,Chitungwiza
2025-04-21,Robbery,-21.805159,32.859694,Marondera
2025-01-31,Burglary,-20.902932,26.804088,Bulawayo
2025-02-16,Assault,-20.058732,27.250231,Bulawayo
2025-05-13,Assault,-21.11968,31.601326,Chitungwiza
2025-01-20,Assault,-17.06731,28.59874,Gweru
2025-03-30,Robbery,-21.567712,29.227667,Mutare
2025-02-12,Drug Offense,-18.734583,30.280557,Mutare
2025-04-20,Drug Offense,-21.001774,30.447606,Mutare
2025-01-02,Robbery,-16.281304,31.653026,Masvingo
2025-02-22,Robbery,-20.982636,32.735679,Gweru
2025-01-26,Vandalism,-20.721519,29.38498,Masvingo
2025-01-26,Robbery,-21.809229,27.182665,Mutare
2025-02-09,Burglary,-19.89744,29.614987,Bulawayo
2025-04-24,Robbery,-20.511625,30.919257,Bulawayo
2025-01-10,Theft,-16.576738,26.719185,Chitungwiza
2025-04-01,Fraud,-15.637179,25.707349,Mutare
2025-02-07,Assault,-18.955423,32.723101,Marondera
2025-03-19,Theft,-18.040954,26.062548,Marondera
2025-04-22,Burglary,-16.578573,25.733957,Gweru
2025-04-11,Theft,-16.926501,28.363591,Marondera
2025-01-19,Burglary,-21.710334,25.804939,Bulawayo
2025-03-01,Robbery,-19.276875,33.432476,Masvingo
2025-01-08,Fraud,-21.868831,31.161153,Harare
2025-04-05,Robbery,-16.768602,26.934639,Marondera
2025-03-30,Robbery,-21.94319,26.198498,Marondera
2025-02-01,Fraud,-18.722097,26.537006,Chitungwiza
2025-04-29,Burglary,-21.84071,25.303984,Harare
2025-04-21,Drug Offense,-16.327671,30.57423,Marondera
2025-04-26,Vandalism,-15.832236,25.900514,Kadoma
2025-03-29,Burglary,-18.513804,25.573476,Masvingo
2025-01-14,Robbery,-16.200725,27.022737,Mutare
2025-01-28,Drug Offense,-15.37136,32.363135,Kadoma
2025-01-31,Fraud,-15.821551,29.887791,Harare
2025-02-09,Fraud,-15.757489,27.553132,Chitungwiza
2025-04-10,Vandalism,-16.02025,30.968191,Gweru
2025-01-18,Robbery,-17.207597,29.593098,Gweru
2025-01-01,Burglary,-15.894931,27.342749,Harare
2025-01-21,Vandalism,-21.160775,33.876462,Masvingo
2025-02-27,Drug Offense,-17.139662,31.926791,Gweru
2025-01-29,Theft,-21.9316,26.419983,Gweru
2025-01-20,Assault,-21.088302,26.546895,Harare
2025-04-21,Theft,-16.674469,28.110597,Gweru
2025-04-01,Burglary,-18.601644,25.053469,Mutare
2025-01-29,Theft,-15.782066,33.368853,Masvingo
2025-01-17,Fraud,-21.768062,30.458342,Mutare
2025-01-23,Burglary,-17.306368,25.160649,Harare
2025-02-17,Fraud,-17.910342,33.747105,Masvingo
2025-04-07,Robbery,-20.186017,25.593974,Chitungwiza
2025-02-06,Fraud,-20.701448,33.083561,Marondera
2025-03-27,Fraud,-16.535701,33.252423,Bulawayo
2025-02-22,Robbery,-18.744749,30.71333,Harare
2025-01-12,Assault,-19.473159,31.763873,Masvingo
2025-03-17,Burglary,-17.008724,29.033431,Gweru
2025-02-05,Fraud,-16.464003,27.425679,Bulawayo
2025-01-01,Drug Offense,-15.491139,30.217406,Bulawayo
2025-01-06,Drug Offense,-19.303819,31.405659,Marondera
2025-05-12,Drug Offense,-17.59851,25.765744,Chitungwiza
2025-01-04,Theft,-17.747316,33.321393,Mutare
2025-03-29,Burglary,-19.658747,31.15737,Gweru
2025-01-05,Robbery,-20.384492,31.83034,Mutare
2025-01-05,Vandalism,-16.813403,30.268584,Harare
2025-01-08,Robbery,-18.734672,30.474372,Gweru
2025-04-04,Robbery,-15.200559,33.281478,Kadoma
2025-04-07,Vandalism,-15.830606,32.68507,Harare
2025-04-22,Burglary,-18.961578,33.460501,Harare
2025-04-23,Vandalism,-19.345886,25.995823,Marondera
2025-03-10,Drug Offense,-19.779028,28.065333,Chitungwiza
2025-05-16,Burglary,-17.040386,33.031722,Masvingo
2025-04-05,Drug Offense,-15.853413,32.110806,Masvingo
2025-01-05,Drug Offense,-16.955429,25.369606,Marondera
2025-05-13,Assault,-18.641066,27.256241,Bulawayo
2025-04-04,Assault,-19.265674,31.155422,Marondera
2025-05-03,Robbery,-15.287504,27.997177,Mutare
2025-01-06,Assault,-19.24806,26.006149,Mutare
2025-03-01,Vandalism,-21.997991,32.568963,Masvingo
2025-03-19,Assault,-19.832389,33.625151,Gweru
2025-02-02,Burglary,-21.613494,32.019504,Mutare
2025-04-03,Robbery,-18.497727,31.683081,Chitungwiza
2025-02-12,Robbery,-20.729089,33.324914,Mutare
2025-05-03,Theft,-19.897765,28.839917,Kadoma
2025-05-14,Vandalism,-17.224842,28.050753,Masvingo
2025-02-16,Vandalism,-16.518666,31.320748,Marondera
2025-03-14,Vandalism,-20.205427,33.076673,Mutare
2025-03-04,Burglary,-18.235845,28.501311,Mutare
2025-03-10,Vandalism,-19.16841,26.765196,Kadoma
2025-01-05,Theft,-16.218848,25.923435,Kadoma
2025-01-29,Robbery,-20.794153,28.615759,Mutare
2025-01-15,Fraud,-15.023943,27.729748,Gweru
2025-04-25,Vandalism,-16.610072,25.737496,Kadoma
2025-04-19,Assault,-19.731195,29.082876,Masvingo
2025-01-21,Drug Offense,-20.754027,29.716676,Mutare
2025-02-28,Robbery,-19.917492,29.065715,Marondera
2025-01-26,Theft,-16.416433,30.637729,Harare
2025-05-06,Fraud,-21.374608,29.379563,Masvingo
2025-04-15,Drug Offense,-15.103596,27.195433,Bulawayo
2025-02-21,Burglary,-15.720745,33.239286,Kadoma
2025-01-07,Robbery,-17.287546,28.504409,Gweru
2025-03-05,Robbery,-16.33996,26.683788,Masvingo
2025-01-23,Vandalism,-15.167621,33.330321,Chitungwiza
2025-03-11,Drug Offense,-16.511124,25.941568,Gweru
2025-05-18,Assault,-18.577133,30.493647,Masvingo
2025-02-21,Fraud,-20.509481,32.217611,Marondera
2025-03-21,Assault,-15.520886,26.63607,Kadoma
2025-01-11,Burglary,-19.692307,28.60144,Bulawayo
2025-04-08,Drug Offense,-17.129075,29.443243,Chitungwiza
2025-01-05,Theft,-19.285752,30.891364,Chitungwiza
2025-03-07,Theft,-15.600566,29.016966,Gweru
2025-02-21,Drug Offense,-15.320429,32.277389,Masvingo
2025-01-03,Theft,-20.99525,27.969579,Marondera
2025-01-28,Robbery,-20.044245,28.921044,Marondera
2025-04-15,Robbery,-16.93713,32.597149,Bulawayo
2025-05-09,Burglary,-19.939619,26.829394,Masvingo
2025-02-07,Vandalism,-16.250296,29.75888,Masvingo
2025-05-16,Burglary,-16.173622,25.647032,Chitungwiza
2025-01-17,Drug Offense,-15.790185,29.21562,Chitungwiza
2025-04-30,Drug Offense,-18.018852,28.057894,Bulawayo
2025-05-12,Theft,-19.584428,33.471862,Masvingo
2025-02-15,Vandalism,-20.274547,32.416175,Kadoma
2025-01-11,Drug Offense,-20.838513,25.414157,Gweru
2025-04-13,Burglary,-18.839685,28.818497,Chitungwiza
2025-03-16,Vandalism,-20.259378,26.022819,Mutare
2025-04-23,Burglary,-16.103877,28.320364,Masvingo
2025-01-28,Assault,-20.850739,29.992517,Mutare
2025-02-08,Vandalism,-19.889461,31.973917,Marondera
2025-03-12,Vandalism,-21.791161,31.006924,Bulawayo
2025-02-09,Vandalism,-21.083678,30.578023,Kadoma
2025-03-06,Vandalism,-15.209114,30.488868,Kadoma
2025-03-19,Robbery,-18.339732,31.229696,Mutare
2025-01-06,Assault,-19.768901,29.02813,Kadoma
2025-02-25,Theft,-20.353311,31.900919,Chitungwiza
2025-01-11,Burglary,-16.574768,27.233178,Kadoma
2025-03-30,Theft,-20.782008,33.226072,Bulawayo
2025-02-17,Burglary,-18.758535,30.795233,Gweru
2025-03-11,Robbery,-15.843795,31.080874,Harare
2025-02-14,Theft,-19.957399,30.890855,Mutare
2025-01-22,Robbery,-19.954074,30.804723,Masvingo
2025-03-17,Drug Offense,-20.67296,29.525523,Bulawayo
2025-02-27,Vandalism,-15.312905,30.69398,Harare
2025-05-11,Burglary,-21.138853,32.365911,Mutare
2025-05-17,Burglary,-17.157737,28.255022,Harare
2025-02-18,Assault,-18.397404,32.646345,Chitungwiza
2025-04-24,Robbery,-20.611063,26.018126,Gweru
2025-02-16,Burglary,-18.181309,25.760234,Mutare
2025-05-16,Burglary,-19.927933,29.695198,Marondera
2025-01-24,Burglary,-19.548285,26.436349,Mutare
2025-05-19,Theft,-21.845103,32.898997,Gweru
2025-01-03,Theft,-21.795698,32.722375,Mutare
2025-03-24,Fraud,-16.768791,31.155079,Bulawayo
2025-05-09,Vandalism,-15.359897,33.087637,Bulawayo
2025-04-14,Drug Offense,-20.951491,32.125734,Chitungwiza
2025-02-25,Robbery,-21.172115,27.526001,Harare
2025-03-26,Theft,-17.285234,30.171307,Chitungwiza
2025-02-27,Theft,-16.634115,29.825106,Bulawayo
2025-05-12,Theft,-18.732249,32.677294,Marondera
2025-04-08,Vandalism,-20.600146,31.940911,Bulawayo
2025-05-19,Burglary,-18.569756,32.676664,Bulawayo
2025-04-16,Vandalism,-19.286639,25.799256,Bulawayo
2025-04-20,Burglary,-15.609848,29.733049,Chitungwiza
2025-01-26,Fraud,-21.815811,28.821796,Chitungwiza
2025-03-06,Robbery,-21.936741,33.764022,Bulawayo
2025-05-15,Theft,-20.134485,31.264673,Marondera
2025-04-17,Vandalism,-16.403874,28.831363,Harare
2025-02-26,Burglary,-17.33065,25.192925,Kadoma
2025-01-15,Drug Offense,-20.337974,33.285484,Bulawayo
2025-02-23,Assault,-17.407568,33.434608,Marondera
2025-02-01,Drug Offense,-18.732631,32.774711,Gweru
2025-04-16,Assault,-21.746276,28.326336,Chitungwiza
2025-04-02,Burglary,-17.147818,25.664645,Mutare
2025-01-02,Theft,-17.154684,25.892615,Chitungwiza
2025-03-29,Burglary,-20.794258,30.813265,Kadoma
2025-02-01,Vandalism,-18.664517,31.279165,Marondera
2025-02-08,Assault,-19.196902,28.431846,Mutare
2025-02-26,Drug Offense,-18.360247,32.405636,Masvingo
2025-04-03,Assault,-20.501023,27.859785,Harare
2025-02-15,Fraud,-19.906322,26.695919,Chitungwiza
2025-05-02,Assault,-19.654418,31.11718,Mutare
2025-03-10,Drug Offense,-16.940653,28.89001,Kadoma
2025-04-17,Fraud,-18.767847,26.53923,Marondera
2025-02-25,Fraud,-16.483746,29.278806,Kadoma
2025-04-05,Robbery,-15.117052,32.625206,Masvingo
2025-03-20,Vandalism,-21.275879,25.320747,Harare
2025-04-08,Theft,-15.913037,28.693662,Kadoma
2025-03-06,Vandalism,-20.213151,26.279448,Chitungwiza
2025-03-17,Drug Offense,-20.862707,29.455024,Gweru
2025-05-07,Drug Offense,-21.785115,29.355847,Mutare
2025-03-22,Robbery,-16.913129,32.271811,Masvingo
2025-03-31,Theft,-17.262011,30.775816,Chitungwiza
2025-03-08,Fraud,-18.783111,30.534339,Kadoma
2025-05-04,Burglary,-20.526153,25.145421,Chitungwiza
2025-02-28,Assault,-15.147611,30.31797,Harare
2025-03-27,Robbery,-20.969044,26.158104,Marondera
2025-03-01,Fraud,-16.196068,30.38377,Bulawayo
2025-01-24,Theft,-18.711646,26.546121,Mutare
2025-03-12,Vandalism,-15.330256,27.723151,Gweru
2025-01-01,Burglary,-15.137036,32.94348,Gweru
2025-03-13,Burglary,-18.978875,33.801373,Bulawayo
2025-04-17,Robbery,-16.4432,29.15416,Kadoma
2025-03-12,Assault,-20.473003,27.649159,Marondera
2025-02-21,Vandalism,-20.743422,33.373193,Gweru
2025-05-19,Theft,-20.569791,27.177873,Masvingo
2025-02-22,Assault,-19.193427,33.815659,Bulawayo
2025-02-24,Theft,-15.813022,33.504005,Marondera
2025-02-24,Drug Offense,-19.696824,30.033671,Mutare
2025-05-02,Theft,-15.969606,30.024387,Chitungwiza
2025-02-16,Assault,-18.896417,31.996634,Gweru
2025-05-09,Fraud,-20.789391,30.876185,Mutare
2025-01-09,Drug Offense,-15.770953,25.432112,Marondera
2025-02-01,Assault,-19.814786,32.421167,Masvingo
2025-02-20,Vandalism,-17.98888,33.547587,Gweru
2025-01-10,Theft,-16.637856,29.356719,Marondera
2025-05-09,Theft,-16.947963,26.040207,Kadoma
2025-05-20,Assault,-18.888181,31.01115,Kadoma
2025-04-23,Fraud,-20.190123,29.215162,Harare
2025-01-29,Assault,-16.15705,32.028176,Kadoma
2025-01-13,Drug Offense,-15.689094,27.680979,Mutare
2025-05-02,Robbery,-15.881678,27.044407,Harare
2025-05-14,Theft,-20.302396,30.833493,Mutare
2025-02-18,Drug Offense,-21.244782,30.747161,Kadoma
2025-04-16,Drug Offense,-19.106732,29.723885,Harare
2025-05-16,Fraud,-16.233438,31.194165,Harare
2025-05-13,Theft,-15.231865,29.579101,Kadoma
2025-05-08,Assault,-17.524464,27.275898,Mutare
2025-03-12,Vandalism,-21.170809,28.345668,Marondera
2025-04-09,Burglary,-17.504271,29.314165,Chitungwiza
2025-03-01,Drug Offense,-20.911919,26.4727,Kadoma
2025-01-29,Drug Offense,-21.95571,30.260406,Harare
2025-02-26,Robbery,-15.743474,32.04265,Masvingo
2025-05-01,Robbery,-20.797779,27.122317,Kadoma
2025-04-10,Theft,-18.721537,33.869482,Bulawayo
2025-03-21,Burglary,-16.942882,28.771553,Gweru
2025-05-06,Burglary,-18.528164,29.81694,Chitungwiza
2025-03-14,Assault,-21.594795,33.51885,Harare
2025-05-06,Drug Offense,-20.120143,33.758548,Bulawayo
2025-05-07,Assault,-17.623863,27.70029,Kadoma
2025-05-20,Robbery,-20.191699,27.511997,Bulawayo
2025-05-03,Assault,-21.201765,32.600239,Harare
2025-01-14,Burglary,-15.122066,29.278082,Masvingo
2025-03-08,Fraud,-20.144901,30.827446,Masvingo
2025-05-04,Theft,-21.191719,29.141055,Masvingo
2025-03-15,Theft,-19.835342,26.616481,Gweru
2025-01-04,Assault,-20.068616,28.628199,Harare
2025-05-08,Drug Offense,-18.071583,32.011253,Masvingo
2025-05-20,Robbery,-16.283702,29.653679,Bulawayo
2025-03-20,Vandalism,-18.823786,27.833664,Bulawayo
2025-03-18,Vandalism,-21.658467,30.767866,Marondera
2025-05-07,Theft,-19.19975,29.363844,Gweru
2025-04-20,Assault,-17.774907,25.055474,Chitungwiza
2025-04-02,Assault,-19.970714,27.375491,Chitungwiza
2025-03-23,Drug Offense,-21.22198,30.965217,Marondera
2025-01-19,Fraud,-21.119185,30.627252,Gweru
2025-01-20,Fraud,-16.18047,28.568637,Gweru
2025-04-26,Theft,-18.578088,31.89004,Kadoma
2025-03-03,Robbery,-21.813151,29.958065,Marondera
2025-03-29,Burglary,-17.588853,25.232136,Gweru
2025-01-14,Vandalism,-15.803278,27.684127,Masvingo
2025-05-02,Assault,-15.653837,31.70766,Chitungwiza
2025-01-29,Drug Offense,-15.961387,26.733575,Kadoma
2025-03-18,Fraud,-21.420515,28.908103,Masvingo
2025-02-14,Vandalism,-17.685404,28.035074,Mutare
2025-01-01,Drug Offense,-18.992975,26.21763,Harare
2025-01-11,Fraud,-19.157665,25.242484,Bulawayo
2025-02-10,Vandalism,-15.654907,33.695303,Masvingo
2025-02-28,Vandalism,-16.843938,29.684511,Gweru
2025-01-31,Vandalism,-21.593533,29.732384,Chitungwiza
2025-03-02,Theft,-19.470957,30.15977,Masvingo
2025-01-09,Fraud,-20.306518,28.371921,Harare
2025-05-12,Drug Offense,-17.772732,33.245362,Marondera
2025-01-07,Robbery,-17.954229,31.131184,Masvingo
2025-03-07,Vandalism,-16.341397,26.038789,Gweru
2025-03-18,Vandalism,-20.334035,33.661101,Gweru
2025-01-11,Theft,-18.861903,29.684577,Marondera
2025-03-30,Assault,-17.932715,29.806072,Marondera
2025-03-27,Robbery,-16.194965,33.576735,Kadoma
2025-03-09,Drug Offense,-19.363336,27.040346,Masvingo
2025-04-06,Robbery,-17.766025,28.027098,Gweru
2025-03-27,Robbery,-21.641107,29.581041,Marondera
2025-02-09,Robbery,-19.742252,27.474213,Masvingo
2025-05-12,Theft,-18.867039,30.551599,Chitungwiza
2025-04-08,Theft,-21.159669,30.688787,Bulawayo
2025-01-31,Theft,-19.851673,32.810131,Chitungwiza
2025-04-01,Theft,-21.694905,26.466281,Marondera
2025-04-13,Burglary,-15.363828,32.38881,Harare
2025-04-10,Vandalism,-17.384344,29.03805,Chitungwiza
2025-01-08,Assault,-18.162283,32.167838,Gweru
2025-02-08,Burglary,-16.029177,29.509735,Marondera
2025-05-20,Vandalism,-21.405063,25.295961,Marondera
2025-05-09,Burglary,-18.553291,27.609945,Gweru
2025-03-11,Theft,-17.907018,27.670384,Chitungwiza
2025-02-17,Burglary,-20.857169,29.799103,Gweru
2025-03-25,Fraud,-21.450096,32.848501,Harare
2025-02-23,Robbery,-18.067572,33.691567,Marondera
2025-05-12,Burglary,-20.722182,26.653797,Chitungwiza
2025-04-12,Vandalism,-16.160668,33.974918,Chitungwiza
2025-02-11,Vandalism,-17.445546,27.731471,Masvingo
2025-05-16,Robbery,-21.482447,25.131237,Chitungwiza
2025-04-12,Assault,-21.298547,31.976511,Kadoma
2025-01-12,Vandalism,-19.150552,29.137987,Mutare
2025-04-29,Assault,-19.484241,25.056826,Chitungwiza
2025-02-08,Theft,-21.96997,25.885983,Masvingo
2025-01-29,Vandalism,-19.917661,28.938047,Gweru
2025-05-13,Drug Offense,-21.351725,25.188824,Kadoma
2025-02-09,Vandalism,-16.424149,27.290376,Bulawayo
2025-02-11,Burglary,-21.750189,29.538464,Harare
2025-02-22,Vandalism,-16.041254,29.380187,Masvingo
2025-03-05,Burglary,-16.302802,26.90822,Masvingo
2025-04-22,Theft,-20.437596,33.545518,Bulawayo
2025-01-16,Theft,-19.918335,33.701676,Masvingo
2025-01-16,Fraud,-16.827393,31.536075,Kadoma
2025-05-04,Drug Offense,-20.947388,32.986589,Gweru
2025-01-13,Vandalism,-21.420405,27.363451,Mutare
2025-03-02,Drug Offense,-19.990925,30.435408,Chitungwiza
2025-02-12,Theft,-19.198632,27.734568,Kadoma
2025-03-04,Vandalism,-18.917923,30.180659,Chitungwiza
2025-05-09,Assault,-15.18079,25.912614,Marondera
2025-03-06,Theft,-20.040431,28.82509,Bulawayo
2025-04-16,Vandalism,-21.073529,29.010941,Marondera
2025-02-21,Burglary,-19.683311,27.820338,Marondera
2025-04-21,Fraud,-19.220592,25.701655,Bulawayo
2025-01-29,Burglary,-20.291818,29.490725,Masvingo
2025-02-12,Fraud,-19.411783,26.491191,Kadoma
2025-02-27,Fraud,-18.892982,27.230717,Marondera
2025-05-17,Theft,-21.10864,33.131663,Marondera
2025-03-31,Vandalism,-15.772491,31.188354,Harare
2025-04-21,Burglary,-18.622139,29.766671,Bulawayo
2025-05-12,Fraud,-17.671653,33.548869,Kadoma
2025-05-20,Theft,-21.594624,29.691786,Chitungwiza
2025-04-19,Theft,-18.125788,33.350911,Bulawayo
2025-02-19,Vandalism,-18.404237,25.526099,Chitungwiza
2025-03-25,Vandalism,-19.419287,33.155445,Masvingo
2025-01-28,Drug Offense,-15.003554,32.716013,Marondera
2025-05-02,Drug Offense,-15.673044,33.43561,Gweru
2025-03-30,Burglary,-17.739472,32.218834,Bulawayo
2025-02-08,Vandalism,-20.080698,29.662383,Harare
2025-01-26,Theft,-21.24208,31.865614,Masvingo
2025-01-03,Theft,-19.112503,33.617111,Kadoma
2025-03-14,Robbery,-17.444184,26.35425,Marondera
2025-01-29,Vandalism,-18.677886,33.999399,Kadoma
2025-05-14,Theft,-17.434027,27.221667,Bulawayo
2025-01-05,Vandalism,-21.105312,33.554443,Harare
2025-02-16,Fraud,-15.428216,25.226231,Gweru
2025-03-09,Fraud,-21.327489,27.237541,Mutare
2025-02-23,Robbery,-15.163667,33.773184,Harare
2025-03-31,Fraud,-15.571992,29.698714,Bulawayo
2025-01-25,Fraud,-20.619046,29.219331,Mutare
2025-03-24,Robbery,-16.020213,25.682978,Masvingo
2025-01-18,Drug Offense,-19.860822,26.465252,Kadoma
2025-04-08,Drug Offense,-15.899903,25.297514,Gweru
2025-04-12,Assault,-15.428999,32.196242,Bulawayo
2025-02-05,Robbery,-21.152933,27.346985,Marondera
2025-03-27,Theft,-15.453354,32.573967,Marondera
2025-02-28,Robbery,-16.343305,27.83604,Gweru
2025-04-27,Vandalism,-21.912607,31.505788,Mutare
2025-02-01,Vandalism,-19.57335,31.632552,Kadoma
2025-04-01,Vandalism,-15.652611,27.016998,Kadoma
2025-03-04,Assault,-21.263258,25.34593,Bulawayo
2025-01-28,Drug Offense,-19.279969,25.343873,Mutare
2025-01-08,Fraud,-17.185601,29.422025,Masvingo
2025-05-11,Vandalism,-19.569726,31.024288,Chitungwiza
2025-03-07,Burglary,-17.817439,26.097713,Gweru
2025-01-19,Theft,-15.299325,29.619819,Harare
2025-01-03,Burglary,-16.495971,30.860149,Chitungwiza
2025-05-18,Vandalism,-15.305367,26.967505,Chitungwiza
2025-04-01,Robbery,-17.433581,31.08368,Harare
2025-05-19,Theft,-15.501592,27.592026,Harare
2025-01-08,Robbery,-20.93708,29.721336,Bulawayo
2025-03-05,Theft,-21.587096,25.002286,Chitungwiza
2025-01-14,Vandalism,-16.909851,27.293235,Marondera
2025-05-20,Drug Offense,-17.938168,27.363991,Bulawayo
2025-05-15,Assault,-15.180647,27.42526,Marondera
2025-01-16,Fraud,-15.793241,29.79973,Gweru
2025-04-07,Drug Offense,-20.09924,28.76234,Marondera
2025-01-09,Fraud,-20.904943,31.239186,Kadoma
2025-02-07,Theft,-16.231473,31.873203,Harare
2025-02-07,Drug Offense,-21.546477,30.93421,Masvingo
2025-03-26,Drug Offense,-19.970472,32.659922,Chitungwiza
2025-04-03,Burglary,-15.606757,27.339811,Kadoma
2025-03-30,Fraud,-19.492713,27.342095,Gweru
2025-02-05,Fraud,-16.207246,33.397002,Bulawayo
2025-01-28,Vandalism,-18.681498,31.925983,Masvingo
2025-03-23,Drug Offense,-16.296456,26.262159,Masvingo
2025-04-20,Robbery,-16.641565,25.748769,Masvingo
2025-01-13,Fraud,-15.577331,26.663812,Masvingo
2025-01-15,Vandalism,-17.817499,31.244694,Mutare
2025-05-19,Vandalism,-17.451302,33.912007,Kadoma
2025-03-03,Robbery,-16.800915,26.85444,Harare
2025-04-18,Fraud,-21.599776,27.480121,Bulawayo
2025-05-14,Fraud,-16.849246,26.386641,Chitungwiza
2025-01-02,Robbery,-19.114144,33.499659,Kadoma
2025-05-06,Theft,-16.943539,33.930924,Chitungwiza
2025-02-10,Fraud,-18.152585,32.941448,Mutare
2025-05-17,Drug Offense,-21.074862,31.157274,Mutare
2025-04-24,Fraud,-19.641164,29.636004,Bulawayo
2025-04-21,Robbery,-16.443162,33.26438,Mutare
2025-02-25,Assault,-17.375688,33.400085,Kadoma
2025-02-05,Fraud,-21.926552,26.700212,Kadoma
2025-03-04,Vandalism,-18.338838,32.608784,Harare
2025-03-20,Assault,-20.173232,32.7301,Gweru
2025-01-21,Burglary,-18.378568,30.670347,Marondera
2025-02-19,Vandalism,-18.65853,26.706167,Kadoma
2025-01-19,Assault,-20.264102,31.645341,Harare
2025-05-09,Vandalism,-19.17573,25.675506,Chitungwiza
2025-01-04,Burglary,-16.457952,26.972271,Chitungwiza
2025-01-22,Drug Offense,-18.93452,27.532141,Masvingo
2025-05-05,Assault,-18.882515,25.096618,Masvingo
2025-03-22,Burglary,-21.394161,27.502392,Mutare
2025-05-17,Vandalism,-18.908895,28.196724,Masvingo
2025-05-10,Robbery,-20.029909,28.096552,Marondera
2025-02-12,Robbery,-17.437986,30.048556,Marondera
2025-03-07,Burglary,-16.869859,32.544517,Chitungwiza
2025-02-25,Fraud,-19.185437,25.965423,Masvingo
2025-01-12,Drug Offense,-17.009059,33.752257,Mutare
2025-03-11,Vandalism,-17.419638,30.846382,Harare
2025-02-24,Vandalism,-18.435531,30.679695,Gweru
2025-03-13,Vandalism,-17.340092,32.772074,Harare
2025-02-17,Fraud,-18.339564,32.243331,Mutare
2025-02-16,Fraud,-21.793175,28.717694,Bulawayo
2025-01-08,Fraud,-18.228051,31.829222,Chitungwiza
2025-02-05,Burglary,-15.164495,33.338538,Mutare
2025-05-20,Drug Offense,-17.727385,30.683909,Masvingo
2025-04-01,Vandalism,-20.567217,26.724368,Kadoma
2025-01-23,Fraud,-19.254261,26.637073,Mutare
2025-03-11,Theft,-18.799955,28.899212,Marondera
2025-05-13,Drug Offense,-19.964386,26.698065,Mutare
2025-03-26,Theft,-18.425844,28.330528,Gweru
2025-01-31,Fraud,-21.665893,33.608431,Mutare
2025-05-18,Burglary,-17.354331,25.333898,Bulawayo
2025-05-15,Vandalism,-15.668158,32.308657,Harare
2025-04-13,Robbery,-18.687973,33.963439,Kadoma
2025-04-09,Robbery,-17.010912,27.143141,Chitungwiza
2025-04-11,Theft,-19.315571,30.730331,Bulawayo
2025-03-04,Theft,-20.337885,28.593384,Gweru
2025-01-21,Drug Offense,-20.77819,25.500977,Harare
2025-03-30,Fraud,-17.68854,27.910955,Harare
2025-02-22,Burglary,-21.112402,26.533125,Masvingo
2025-05-05,Fraud,-17.691236,27.794873,Gweru
2025-01-03,Burglary,-16.829814,27.425554,Bulawayo
2025-02-17,Assault,-20.768431,33.269865,Masvingo
2025-01-17,Drug Offense,-20.762814,33.604944,Gweru
2025-02-11,Robbery,-20.373738,28.835807,Mutare
2025-02-02,Vandalism,-19.785418,29.498819,Gweru
2025-03-29,Theft,-20.060603,28.346131,Masvingo
2025-01-19,Drug Offense,-18.912423,27.329263,Masvingo
2025-02-22,Assault,-19.154161,30.685863,Bulawayo
2025-04-19,Drug Offense,-21.813014,30.671379,Masvingo
2025-04-25,Assault,-20.237899,29.417461,Bulawayo
2025-04-16,Robbery,-18.50745,32.238253,Marondera
2025-04-21,Burglary,-19.894551,26.519745,Kadoma
2025-02-03,Robbery,-16.110369,29.535461,Kadoma
2025-03-10,Assault,-18.79125,25.320498,Gweru
2025-02-25,Burglary,-17.532419,28.131356,Chitungwiza
2025-05-11,Theft,-17.547623,28.236669,Masvingo
2025-04-03,Burglary,-20.449269,25.619687,Chitungwiza
2025-02-07,Theft,-19.660621,31.985357,Masvingo
2025-03-01,Robbery,-20.736832,33.896785,Kadoma
2025-05-02,Robbery,-16.891789,31.932665,Mutare
2025-01-02,Robbery,-15.111185,31.675278,Marondera
2025-01-01,Vandalism,-17.004622,29.975176,Mutare
2025-01-02,Theft,-21.435422,25.127767,Mutare
2025-04-03,Drug Offense,-20.602932,31.47411,Chitungwiza
2025-01-02,Burglary,-20.263571,31.965129,Mutare
2025-03-07,Assault,-18.910924,26.896631,Gweru
2025-02-18,Theft,-21.954059,26.63513,Bulawayo
2025-01-11,Theft,-20.937324,27.697922,Kadoma
2025-04-16,Vandalism,-17.91244,25.905558,Gweru
2025-05-04,Assault,-19.621675,33.897072,Harare
2025-02-15,Robbery,-15.540999,26.568572,Marondera
2025-02-28,Vandalism,-19.103653,29.160681,Marondera
2025-05-07,Fraud,-19.389058,28.392719,Gweru
2025-04-14,Robbery,-15.506888,29.901278,Kadoma
2025-04-25,Theft,-20.358417,27.530196,Mutare
2025-02-01,Vandalism,-18.714893,29.810588,Gweru
2025-01-08,Robbery,-21.56356,27.601353,Gweru
2025-02-13,Drug Offense,-21.342047,26.204427,Marondera
2025-05-03,Assault,-16.514839,31.327637,Masvingo
2025-04-23,Burglary,-21.282499,31.633683,Marondera
2025-03-18,Robbery,-16.45817,28.858179,Kadoma
2025-01-14,Assault,-20.896832,30.548235,Mutare
2025-03-22,Theft,-16.322589,26.129304,Chitungwiza
2025-02-16,Drug Offense,-18.92631,33.852011,Bulawayo
2025-02-15,Fraud,-17.903494,29.118604,Chitungwiza
2025-02-17,Fraud,-16.128302,29.552431,Harare
2025-02-27,Theft,-20.574534,33.144168,Masvingo
2025-02-08,Theft,-21.229402,28.547625,Kadoma
2025-02-21,Theft,-18.123015,32.314579,Chitungwiza
2025-04-03,Robbery,-21.758742,26.884385,Mutare
2025-03-23,Drug Offense,-20.959793,25.808991,Mutare
2025-03-28,Fraud,-15.23437,31.908857,Bulawayo
2025-05-17,Burglary,-15.437395,25.246184,Masvingo
2025-04-19,Vandalism,-21.617459,27.522562,Masvingo
2025-04-05,Drug Offense,-15.502207,27.023753,Masvingo
2025-02-20,Fraud,-15.526308,25.675716,Harare
2025-02-27,Vandalism,-16.641265,26.920915,Mutare
2025-03-02,Robbery,-19.967362,28.426692,Chitungwiza
2025-01-18,Robbery,-18.089083,27.47988,Masvingo
2025-03-14,Burglary,-18.154014,30.982471,Kadoma
2025-03-22,Robbery,-18.485115,28.065208,Harare
2025-05-09,Vandalism,-15.200333,31.826782,Kadoma
2025-04-16,Drug Offense,-17.866546,25.070334,Masvingo
2025-04-11,Burglary,-19.517915,32.134757,Harare
2025-02-01,Vandalism,-19.304444,32.286941,Marondera
2025-02-05,Vandalism,-19.714361,32.988427,Harare
2025-01-03,Assault,-15.776301,31.426635,Gweru
2025-02-14,Assault,-18.796844,32.124904,Marondera
2025-03-17,Assault,-17.090788,25.814665,Harare
2025-03-21,Fraud,-18.604929,33.644162,Marondera
2025-03-27,Burglary,-17.550112,28.457682,Harare
2025-03-13,Fraud,-15.802967,28.920818,Chitungwiza
2025-02-02,Assault,-19.276337,30.678464,Gweru
2025-03-24,Drug Offense,-16.083496,27.459814,Chitungwiza
2025-01-09,Theft,-19.005104,33.11708,Mutare
2025-02-07,Assault,-20.43072,31.217874,Masvingo
2025-05-05,Robbery,-18.799166,30.65367,Gweru
2025-01-12,Vandalism,-15.434961,27.592257,Masvingo
2025-01-03,Fraud,-18.877162,25.350779,Masvingo
2025-02-23,Fraud,-17.836796,30.413703,Gweru
2025-01-18,Vandalism,-15.840489,25.452296,Kadoma
2025-02-02,Assault,-19.882204,33.388589,Bulawayo
2025-01-30,Fraud,-16.721563,27.281065,Bulawayo
2025-02-28,Drug Offense,-19.895005,31.147499,Mutare
2025-02-25,Assault,-19.307772,33.970266,Chitungwiza
2025-01-03,Burglary,-15.398878,32.016656,Bulawayo
2025-03-11,Fraud,-19.963161,28.876162,Bulawayo
2025-01-29,Burglary,-16.225829,30.973145,Harare
2025-03-16,Burglary,-21.160336,25.16135,Gweru
2025-03-25,Assault,-17.652312,29.692036,Kadoma
2025-03-04,Drug Offense,-20.665718,29.16958,Gweru
2025-02-13,Burglary,-20.381608,25.289214,Kadoma
2025-01-12,Burglary,-16.984624,29.067397,Mutare
2025-05-16,Assault,-16.528659,29.114575,Gweru
2025-01-28,Fraud,-15.383256,29.407754,Gweru
2025-01-15,Assault,-17.675135,29.607709,Bulawayo
2025-05-09,Assault,-21.202544,25.319435,Masvingo
2025-03-22,Theft,-21.004008,30.974622,Gweru
2025-01-29,Theft,-21.04574,33.806682,Bulawayo
2025-03-06,Drug Offense,-16.156604,33.263753,Gweru
2025-01-31,Robbery,-19.671159,31.964592,Gweru
2025-05-17,Assault,-19.998523,31.081747,Bulawayo
2025-02-01,Robbery,-15.704899,29.936199,Masvingo
2025-02-19,Robbery,-16.902426,27.927446,Kadoma
2025-04-13,Robbery,-19.474458,32.29654,Gweru
2025-05-06,Theft,-19.683617,25.215207,Chitungwiza
2025-02-15,Drug Offense,-16.880348,27.373256,Marondera
2025-02-04,Fraud,-17.796755,29.624132,Marondera
2025-04-13,Drug Offense,-15.427382,31.847131,Chitungwiza
2025-04-30,Drug Offense,-17.071917,32.709956,Mutare
2025-05-02,Assault,-16.57308,29.516522,Chitungwiza
2025-03-18,Fraud,-16.287017,25.423087,Chitungwiza
2025-03-13,Fraud,-17.243191,28.420545,Marondera
2025-03-17,Vandalism,-15.354267,29.552119,Bulawayo
2025-04-11,Drug Offense,-19.468169,31.771662,Gweru
2025-03-07,Robbery,-19.602976,27.500335,Chitungwiza
2025-02-27,Fraud,-18.580436,33.803816,Gweru
2025-03-24,Burglary,-21.334192,31.686496,Bulawayo
2025-01-04,Theft,-18.390933,26.578301,Masvingo
2025-01-11,Theft,-20.879854,25.861501,Marondera
2025-02-10,Burglary,-16.656028,25.706546,Masvingo
2025-02-27,Fraud,-17.453932,25.299105,Marondera
2025-05-01,Fraud,-19.990453,31.678345,Masvingo
2025-01-23,Assault,-20.337937,28.044819,Mutare
2025-04-05,Fraud,-16.522444,29.921633,Masvingo
2025-04-27,Vandalism,-18.649528,33.130179,Gweru
2025-02-27,Assault,-15.977549,26.788132,Mutare
2025-02-26,Burglary,-16.805711,28.287151,Chitungwiza
2025-04-14,Vandalism,-15.937008,26.181876,Marondera
2025-01-15,Robbery,-19.135335,27.128405,Bulawayo
2025-02-20,Drug Offense,-16.931358,31.859642,Gweru
2025-03-29,Vandalism,-17.055595,29.806498,Chitungwiza
2025-01-07,Robbery,-19.823848,30.611284,Kadoma
2025-01-08,Burglary,-17.875087,33.080345,Bulawayo
2025-03-02,Burglary,-18.462602,29.222653,Mutare
2025-03-09,Burglary,-17.246454,29.534976,Masvingo
2025-05-08,Theft,-21.677514,25.189081,Kadoma
2025-04-03,Vandalism,-18.871174,28.833703,Bulawayo
2025-03-02,Drug Offense,-17.613204,25.72077,Mutare
2025-02-18,Assault,-15.656412,33.068697,Mutare
2025-04-02,Vandalism,-16.906426,31.418174,Marondera
2025-03-18,Robbery,-15.584186,25.606545,Harare
2025-02-12,Assault,-20.663452,30.714045,Marondera
2025-05-02,Burglary,-15.275807,25.460563,Bulawayo
2025-02-19,Drug Offense,-17.56621,26.079522,Chitungwiza
2025-02-20,Fraud,-18.398305,29.463491,Mutare
2025-01-13,Drug Offense,-18.008492,26.553565,Bulawayo
2025-03-07,Drug Offense,-17.368119,26.214836,Marondera
2025-02-25,Fraud,-19.300101,32.390195,Marondera
2025-01-17,Burglary,-16.95357,29.847615,Mutare
2025-01-10,Theft,-19.272222,25.615926,Mutare
2025-02-12,Fraud,-17.926962,31.588141,Marondera
2025-03-28,Vandalism,-18.475027,25.949653,Harare
2025-05-18,Theft,-20.873792,25.099628,Chitungwiza
2025-04-13,Theft,-15.448559,27.245324,Masvingo
2025-01-16,Vandalism,-16.166312,32.882318,Gweru
2025-01-26,Drug Offense,-17.765677,31.419088,Bulawayo
2025-03-01,Vandalism,-19.354464,32.620909,Mutare
2025-02-22,Robbery,-20.190809,30.311354,Kadoma
2025-01-11,Drug Offense,-16.758917,32.760956,Harare
2025-04-15,Theft,-21.881438,28.800062,Marondera
2025-03-25,Vandalism,-21.504559,27.703557,Gweru
2025-03-22,Theft,-19.957354,33.635182,Masvingo
2025-03-02,Drug Offense,-17.235478,26.650023,Chitungwiza
2025-01-08,Fraud,-16.413069,31.39792,Kadoma
2025-02-15,Drug Offense,-18.925059,33.764399,Mutare
2025-01-20,Fraud,-15.7477,27.195256,Marondera
2025-05-20,Burglary,-16.691932,28.81589,Bulawayo
2025-03-03,Burglary,-21.841066,31.322102,Masvingo
2025-02-03,Robbery,-21.448587,27.985253,Chitungwiza
2025-01-08,Burglary,-17.451562,33.547836,Mutare
2025-01-05,Assault,-15.334826,27.897416,Masvingo
2025-03-19,Fraud,-18.807667,33.270169,Masvingo
2025-02-04,Robbery,-19.996272,26.477975,Mutare
2025-01-01,Theft,-20.864543,26.687618,Kadoma
2025-02-14,Drug Offense,-17.771501,31.004147,Masvingo
2025-01-06,Assault,-21.442333,30.52186,Harare
2025-03-04,Assault,-19.343814,33.963397,Kadoma
2025-03-22,Burglary,-15.584125,32.981516,Harare
2025-01-18,Theft,-15.68356,29.745586,Marondera
2025-01-30,Theft,-18.269479,27.308953,Bulawayo
2025-01-02,Assault,-18.294317,25.145672,Marondera
2025-04-27,Vandalism,-16.174855,32.857125,Masvingo
2025-02-25,Fraud,-21.275564,25.207019,Kadoma
2025-03-25,Vandalism,-21.456443,28.138887,Chitungwiza
2025-02-23,Fraud,-15.657499,31.203542,Chitungwiza
2025-01-09,Fraud,-20.971017,33.270033,Marondera
2025-04-20,Vandalism,-18.819244,27.570877,Gweru
2025-05-02,Drug Offense,-16.823014,26.731813,Bulawayo
2025-01-05,Assault,-17.331921,26.767351,Masvingo
2025-03-07,Drug Offense,-16.35582,30.752002,Chitungwiza
2025-03-30,Assault,-15.952049,28.821119,Chitungwiza
2025-03-12,Vandalism,-15.725931,26.226055,Harare
2025-03-14,Theft,-15.488615,33.238044,Chitungwiza
2025-05-12,Fraud,-18.29633,29.009693,Marondera
2025-05-03,Theft,-15.625083,30.670344,Kadoma
2025-05-09,Vandalism,-21.101742,31.184578,Bulawayo
2025-05-17,Theft,-17.042079,27.357793,Masvingo
2025-01-05,Fraud,-15.807723,25.470037,Kadoma
2025-01-07,Burglary,-20.795632,27.693443,Mutare
2025-04-19,Theft,-18.287126,30.276471,Marondera
2025-03-21,Fraud,-17.67727,32.79429,Bulawayo
2025-03-20,Robbery,-21.067601,31.468843,Gweru
2025-05-04,Fraud,-21.432596,30.347854,Bulawayo
2025-04-14,Fraud,-15.607891,33.649058,Masvingo
2025-02-16,Drug Offense,-16.82901,32.710201,Kadoma
2025-01-07,Drug Offense,-15.641995,31.992563,Gweru
2025-04-01,Vandalism,-19.300361,29.140191,Chitungwiza
2025-03-14,Fraud,-18.5838,28.142123,Gweru
2025-03-12,Burglary,-21.894245,25.7662,Gweru
2025-04-20,Burglary,-21.271443,31.278188,Masvingo
2025-04-25,Drug Offense,-15.453897,30.445182,Gweru
2025-03-15,Fraud,-18.171818,32.645936,Chitungwiza
2025-02-07,Burglary,-21.767013,32.169196,Gweru
2025-03-28,Assault,-16.874125,27.954568,Kadoma
2025-01-08,Assault,-15.900724,26.857806,Mutare
2025-02-27,Theft,-18.922549,32.442442,Bulawayo
2025-04-12,Burglary,-21.163377,29.167174,Marondera
2025-04-30,Assault,-19.405814,25.065164,Marondera
2025-03-18,Vandalism,-20.562071,30.118172,Mutare
2025-05-06,Vandalism,-20.209108,26.389835,Kadoma
2025-04-28,Robbery,-16.940894,31.934373,Masvingo
2025-02-14,Fraud,-17.391764,28.098395,Chitungwiza
2025-05-20,Theft,-20.758516,25.580178,Marondera
2025-02-25,Drug Offense,-21.748371,29.805362,Kadoma
2025-05-07,Vandalism,-21.50222,30.370642,Masvingo
2025-01-12,Drug Offense,-19.25484,27.776107,Masvingo
2025-03-27,Robbery,-18.436236,26.036305,Marondera
2025-01-12,Assault,-15.69014,32.698046,Masvingo
2025-04-25,Drug Offense,-21.352131,32.460407,Kadoma
2025-01-25,Assault,-15.962494,33.012656,Mutare
2025-01-24,Fraud,-19.700562,32.859476,Harare
2025-02-22,Drug Offense,-21.327586,30.256353,Marondera
2025-01-03,Robbery,-19.977711,25.863229,Gweru
2025-04-29,Vandalism,-16.761862,26.286138,Gweru
2025-05-06,Vandalism,-15.021609,25.889858,Marondera
2025-03-03,Assault,-16.068976,29.143388,Kadoma
2025-05-05,Theft,-16.394691,26.285701,Masvingo
2025-03-23,Theft,-19.042728,30.057714,Mutare
2025-01-04,Drug Offense,-19.728551,27.780817,Bulawayo
2025-04-18,Fraud,-20.839041,33.649175,Chitungwiza
2025-01-08,Assault,-16.593098,30.369563,Marondera
2025-05-03,Robbery,-18.398241,26.433196,Harare
2025-02-16,Vandalism,-21.119459,27.901008,Masvingo
2025-03-30,Vandalism,-18.506545,28.650244,Masvingo
2025-04-19,Vandalism,-18.931715,27.734997,Masvingo
2025-04-11,Theft,-18.280753,28.627394,Chitungwiza
2025-01-24,Assault,-21.349752,27.618245,Gweru
2025-01-25,Vandalism,-17.49518,26.156798,Kadoma
2025-05-01,Burglary,-20.768485,32.521532,Marondera
2025-01-05,Robbery,-20.631698,29.374903,Gweru
2025-04-08,Burglary,-20.486982,32.62875,Gweru
2025-02-27,Drug Offense,-15.787944,32.599648,Masvingo
2025-05-13,Robbery,-15.187005,26.887685,Mutare
2025-03-14,Burglary,-17.850206,25.107896,Chitungwiza
2025-04-10,Drug Offense,-19.827342,30.594174,Kadoma
2025-03-12,Vandalism,-21.556448,25.636351,Gweru
2025-03-11,Theft,-19.455228,30.742907,Gweru
2025-02-21,Vandalism,-16.502474,27.054809,Marondera
2025-01-19,Assault,-19.484165,32.721113,Mutare
2025-01-22,Robbery,-20.862217,32.063118,Chitungwiza
2025-02-07,Fraud,-15.417605,28.844602,Mutare
2025-03-29,Vandalism,-20.831182,29.731344,Marondera
2025-04-20,Burglary,-18.722399,26.860006,Bulawayo
2025-02-26,Theft,-15.597742,33.702077,Mutare
2025-03-25,Drug Offense,-20.442016,31.065483,Gweru
2025-03-26,Fraud,-15.055629,33.007502,Masvingo
2025-01-30,Vandalism,-21.352656,32.259944,Bulawayo
2025-03-01,Assault,-18.694614,26.355495,Kadoma
2025-03-13,Drug Offense,-17.64174,32.170889,Gweru
2025-02-03,Robbery,-18.283132,32.926703,Chitungwiza
2025-04-25,Burglary,-16.721613,26.963142,Chitungwiza
2025-02-02,Robbery,-20.887579,27.5366,Mutare
2025-03-23,Robbery,-17.589374,25.333739,Chitungwiza
2025-04-19,Robbery,-17.839944,32.855535,Bulawayo
2025-05-09,Robbery,-17.989359,33.966717,Gweru
2025-05-05,Theft,-15.448081,30.864953,Masvingo
2025-04-24,Robbery,-15.509285,33.684585,Marondera
2025-01-08,Vandalism,-18.617815,31.788528,Marondera
2025-02-07,Assault,-20.520358,30.50479,Bulawayo
2025-01-24,Theft,-16.822464,30.690798,Bulawayo
2025-03-20,Fraud,-15.130845,30.244383,Marondera
2025-01-03,Drug Offense,-17.564036,32.87582,Bulawayo
2025-05-09,Drug Offense,-18.255657,27.030764,Bulawayo
2025-01-13,Robbery,-17.036215,27.07647,Kadoma
2025-04-21,Assault,-20.009259,27.181462,Harare
2025-01-14,Drug Offense,-18.198022,30.23652,Chitungwiza
2025-01-09,Drug Offense,-16.898614,31.915843,Kadoma
2025-04-02,Burglary,-16.609272,30.452827,Marondera
2025-04-18,Vandalism,-18.391068,25.040754,Gweru
2025-02-09,Burglary,-21.929264,27.558036,Harare
2025-01-13,Assault,-15.452567,28.398799,Chitungwiza
2025-04-20,Fraud,-20.13428,27.02291,Mutare
2025-04-21,Burglary,-15.72353,30.351994,Mutare
2025-01-07,Drug Offense,-20.640973,31.485967,Harare
2025-01-21,Theft,-15.837339,30.256227,Gweru
2025-05-17,Robbery,-21.12748,29.74794,Mutare
2025-02-11,Theft,-16.81979,32.162623,Marondera
2025-01-04,Burglary,-17.007704,27.159271,Harare
2025-01-31,Robbery,-15.417255,32.611763,Mutare
2025-03-25,Theft,-20.335028,25.086957,Bulawayo
2025-01-26,Assault,-18.0199,30.191154,Kadoma
2025-05-18,Drug Offense,-16.427468,33.703316,Chitungwiza
2025-03-27,Fraud,-16.285704,27.789054,Marondera
2025-04-03,Robbery,-20.424971,32.181949,Chitungwiza
2025-03-27,Robbery,-19.209441,28.815417,Harare
2025-05-16,Theft,-21.5312,26.764838,Gweru
2025-04-15,Theft,-15.674891,31.81078,Gweru
2025-03-12,Theft,-19.690516,29.955569,Mutare
2025-02-22,Fraud,-18.98749,31.687233,Chitungwiza
2025-04-06,Theft,-15.11399,26.796519,Harare
2025-03-20,Drug Offense,-16.392853,32.961416,Masvingo
2025-03-18,Assault,-17.867425,25.071631,Marondera
2025-04-10,Drug Offense,-17.427858,29.110919,Harare
2025-04-04,Robbery,-21.371125,29.648038,Kadoma
2025-05-08,Robbery,-19.119305,25.390792,Mutare
2025-01-04,Fraud,-16.125879,25.726493,Harare
2025-04-05,Theft,-15.662816,32.938453,Mutare
2025-02-18,Robbery,-15.472911,30.711825,Gweru
2025-03-18,Burglary,-18.761062,31.904432,Masvingo
2025-01-06,Theft,-15.033526,30.520585,Harare
2025-01-05,Theft,-21.486961,28.950475,Harare
2025-02-21,Fraud,-15.059205,28.463171,Gweru
2025-03-03,Assault,-17.630657,28.093172,Bulawayo
2025-05-19,Assault,-19.109852,27.156184,Marondera
2025-02-18,Assault,-21.669593,33.213421,Mutare
2025-03-06,Drug Offense,-16.228957,27.334562,Chitungwiza
2025-03-28,Fraud,-20.517344,33.42554,Harare
2025-03-30,Drug Offense,-16.935302,30.250713,Kadoma
2025-04-02,Theft,-18.264933,33.302136,Bulawayo
2025-01-09,Burglary,-18.929525,31.106316,Bulawayo
2025-02-17,Fraud,-17.086653,27.544594,Masvingo
2025-04-02,Theft,-18.056114,33.508177,Chitungwiza
2025-03-27,Drug Offense,-17.879874,32.442866,Harare
2025-05-10,Drug Offense,-19.039403,31.587976,Masvingo
2025-03-27,Drug Offense,-16.312253,25.772714,Chitungwiza
2025-01-15,Robbery,-20.915113,27.204207,Bulawayo
2025-03-26,Vandalism,-19.879042,30.933032,Chitungwiza
2025-04-17,Burglary,-16.304289,28.811106,Gweru
2025-04-23,Fraud,-17.016085,29.119369,Marondera
2025-03-02,Burglary,-15.85246,30.557327,Gweru
2025-01-23,Theft,-17.491844,26.765163,Harare
2025-03-06,Drug Offense,-20.945274,33.837119,Mutare
2025-02-25,Robbery,-15.975547,32.208396,Mutare
2025-01-26,Theft,-21.834363,30.343546,Mutare
2025-02-08,Drug Offense,-16.449732,25.448033,Kadoma
2025-03-25,Robbery,-17.069144,29.16713,Bulawayo
2025-02-17,Theft,-17.537905,28.517134,Gweru
2025-03-12,Drug Offense,-16.053002,28.220513,Masvingo
2025-02-02,Burglary,-19.592953,28.678863,Masvingo
2025-03-01,Burglary,-17.158227,25.072584,Masvingo
2025-02-19,Vandalism,-16.28809,28.248989,Masvingo
2025-03-27,Vandalism,-18.288105,31.345843,Masvingo
2025-03-09,Burglary,-19.936918,28.29214,Marondera
2025-03-24,Robbery,-19.461247,32.6211,Bulawayo
2025-03-02,Theft,-15.349664,30.344601,Gweru
2025-02-25,Robbery,-20.775739,31.135247,Marondera
2025-04-18,Vandalism,-20.154082,30.559591,Mutare
2025-02-18,Burglary,-16.724016,26.030656,Chitungwiza
2025-01-31,Burglary,-20.890165,28.69,Bulawayo
2025-05-03,Drug Offense,-15.800598,33.152604,Mutare
2025-01-27,Burglary,-17.023303,28.727483,Chitungwiza
2025-03-23,Assault,-17.867822,25.511898,Harare
2025-02-26,Drug Offense,-19.093951,25.702475,Marondera
2025-04-04,Drug Offense,-15.743937,30.229716,Chitungwiza
2025-04-30,Burglary,-18.753171,33.353095,Harare
2025-04-08,Theft,-20.102307,28.869332,Mutare
2025-04-08,Theft,-19.563004,31.540998,Chitungwiza
2025-04-21,Robbery,-18.183401,28.326849,Marondera
2025-05-17,Drug Offense,-16.194067,33.757354,Kadoma
2025-04-06,Assault,-21.762133,32.150268,Bulawayo
2025-03-16,Burglary,-18.478439,33.028791,Mutare
2025-04-29,Fraud,-17.404795,31.555472,Gweru
2025-05-16,Robbery,-20.423996,27.884606,Mutare
2025-04-26,Assault,-20.580149,30.409677,Masvingo
2025-03-02,Assault,-19.1949,28.840389,Kadoma
2025-02-20,Burglary,-17.325695,33.914744,Mutare
2025-01-26,Assault,-15.337206,26.431502,Kadoma
2025-02-13,Drug Offense,-19.824215,33.324928,Chitungwiza
2025-02-01,Burglary,-15.477165,30.561437,Bulawayo
2025-01-22,Assault,-19.650235,30.018886,Bulawayo
2025-05-10,Vandalism,-20.136495,32.30754,Gweru
2025-02-09,Burglary,-15.39117,25.56099,Harare
2025-05-02,Assault,-20.86992,26.987231,Harare
2025-02-13,Burglary,-17.258472,26.020924,Gweru
2025-04-27,Vandalism,-17.96706,33.266848,Mutare
2025-01-30,Burglary,-19.10587,27.078887,Mutare
2025-04-02,Assault,-21.080297,32.541107,Bulawayo
2025-04-16,Fraud,-20.620959,27.065955,Marondera
2025-05-09,Burglary,-18.003084,27.418434,Chitungwiza
2025-01-31,Burglary,-19.853943,31.92455,Bulawayo
2025-02-22,Assault,-17.049385,27.732314,Kadoma
2025-04-01,Vandalism,-20.477236,30.298932,Masvingo
2025-02-25,Assault,-16.953884,33.171442,Masvingo
2025-01-28,Robbery,-20.920618,27.471784,Harare
2025-04-21,Assault,-19.235099,33.003036,Harare
2025-02-21,Vandalism,-19.970375,33.534038,Masvingo
2025-01-16,Burglary,-17.015635,29.496077,Mutare
2025-03-06,Burglary,-20.942824,33.697398,Harare
2025-02-06,Theft,-16.96481,25.116789,Marondera
2025-02-08,Burglary,-16.654862,32.367455,Gweru
2025-02-05,Burglary,-21.271939,27.829304,Harare
2025-02-20,Fraud,-21.4084,32.509207,Marondera
2025-02-22,Burglary,-17.527281,25.654252,Marondera
2025-04-16,Robbery,-17.130292,25.182985,Chitungwiza
2025-03-20,Robbery,-17.344099,32.796197,Gweru
2025-03-01,Burglary,-17.295014,28.463336,Masvingo
2025-03-04,Drug Offense,-18.604793,31.111941,Kadoma
2025-01-24,Drug Offense,-18.917482,33.036334,Marondera
2025-04-09,Theft,-17.281317,26.545127,Bulawayo
2025-01-14,Assault,-15.402782,32.151073,Gweru
2025-05-05,Burglary,-20.741812,33.500179,Bulawayo
2025-04-14,Theft,-18.88004,26.476507,Marondera
2025-05-12,Burglary,-16.511492,29.65901,Chitungwiza
2025-01-05,Drug Offense,-19.694145,27.560312,Marondera
2025-03-02,Drug Offense,-16.593226,32.476468,Mutare
2025-02-26,Robbery,-19.016545,27.713872,Masvingo
2025-04-10,Robbery,-16.133639,27.128552,Bulawayo
2025-04-09,Assault,-18.489312,27.004112,Gweru
2025-03-16,Assault,-17.361023,25.165785,Bulawayo
2025-05-13,Drug Offense,-15.208572,30.168736,Harare
2025-03-03,Burglary,-18.710267,29.787688,Masvingo
2025-03-01,Theft,-20.11419,26.64785,Mutare
2025-03-15,Assault,-21.320596,33.004278,Kadoma
2025-03-24,Vandalism,-21.420844,27.824185,Mutare
2025-03-06,Drug Offense,-20.548056,30.858444,Chitungwiza
2025-02-06,Robbery,-15.27442,27.576266,Masvingo
2025-02-21,Fraud,-18.529635,28.695667,Harare
2025-04-30,Vandalism,-20.105162,31.341423,Mutare
2025-04-14,Drug Offense,-16.29474,28.07303,Mutare
2025-01-10,Vandalism,-18.584225,25.787045,Chitungwiza
2025-02-04,Robbery,-19.135009,32.547139,Marondera
2025-04-27,Assault,-21.734119,27.884754,Masvingo
2025-03-18,Fraud,-16.895141,26.965815,Masvingo
2025-01-26,Assault,-15.456228,29.214231,Chitungwiza
2025-01-08,Fraud,-21.82409,32.638402,Harare
2025-01-08,Fraud,-18.346914,28.791719,Marondera
2025-04-06,Drug Offense,-15.015651,29.017887,Masvingo
2025-02-04,Robbery,-15.640362,32.682646,Marondera
2025-05-06,Burglary,-20.089634,30.857497,Masvingo
2025-01-10,Fraud,-16.862883,25.215091,Chitungwiza
2025-01-02,Burglary,-15.401815,28.957326,Bulawayo
2025-04-08,Assault,-16.344764,32.91847,Gweru
2025-03-03,Vandalism,-19.264373,28.475199,Bulawayo
2025-01-18,Vandalism,-21.814063,27.561385,Harare
2025-02-14,Drug Offense,-17.0263,31.09899,Marondera
2025-03-05,Robbery,-18.305374,32.198593,Bulawayo
2025-02-01,Burglary,-16.914736,25.184468,Marondera
2025-01-10,Vandalism,-18.724573,30.816049,Chitungwiza
2025-04-29,Burglary,-20.824463,26.007345,Kadoma
2025-03-04,Theft,-21.161851,26.466605,Masvingo
2025-04-13,Theft,-17.022955,33.561656,Masvingo
2025-01-06,Drug Offense,-15.680657,25.678334,Chitungwiza
2025-04-29,Theft,-17.946985,29.416306,Chitungwiza
2025-03-15,Vandalism,-17.97719,32.730778,Chitungwiza
2025-05-11,Drug Offense,-18.001185,30.577722,Marondera
2025-04-02,Drug Offense,-20.584407,28.358611,Mutare
2025-04-04,Vandalism,-16.493056,30.86389,Chitungwiza
2025-05-14,Drug Offense,-18.60625,30.856167,Marondera
2025-01-22,Fraud,-21.934822,31.825383,Harare
2025-03-03,Robbery,-20.440203,28.495298,Chitungwiza
2025-03-18,Assault,-17.588993,25.122756,Marondera
2025-05-18,Burglary,-19.433771,31.037869,Chitungwiza
2025-02-04,Assault,-21.27239,28.069634,Chitungwiza
2025-01-20,Fraud,-19.980704,33.221649,Marondera
2025-03-09,Fraud,-17.316403,27.534736,Harare
2025-04-24,Burglary,-16.450296,25.628601,Bulawayo
2025-02-28,Robbery,-15.787355,27.794688,Gweru
2025-03-07,Theft,-20.836223,32.016949,Kadoma
2025-05-15,Drug Offense,-17.667624,25.914511,Chitungwiza
2025-02-07,Vandalism,-16.349947,28.426533,Kadoma
2025-04-21,Burglary,-16.496352,33.84087,Bulawayo
2025-01-31,Drug Offense,-19.225213,29.087298,Kadoma
2025-04-28,Vandalism,-20.310473,26.22856,Masvingo
2025-02-19,Vandalism,-16.543355,30.821823,Bulawayo
2025-03-06,Theft,-16.528006,30.790867,Mutare
2025-01-19,Fraud,-17.354148,33.327125,Chitungwiza
2025-05-17,Theft,-19.799596,31.803667,Chitungwiza
2025-03-16,Fraud,-19.165186,33.915971,Harare
2025-03-01,Theft,-16.862331,33.194769,Bulawayo
2025-03-06,Burglary,-20.245313,26.362225,Kadoma
2025-03-21,Fraud,-20.79955,33.412667,Mutare
2025-01-27,Fraud,-20.442913,31.997798,Marondera
2025-04-27,Assault,-18.734679,26.650812,Chitungwiza
2025-01-08,Burglary,-18.734692,29.475462,Masvingo
2025-02-17,Drug Offense,-18.674952,27.001485,Masvingo
2025-02-03,Theft,-19.831631,28.396125,Harare
2025-01-21,Drug Offense,-20.225917,27.007387,Harare
2025-03-20,Robbery,-19.769508,31.600947,Gweru
2025-01-30,Fraud,-21.462771,32.477016,Gweru
2025-01-25,Robbery,-16.984954,25.612976,Marondera
2025-01-30,Vandalism,-16.775177,28.212575,Harare
2025-04-05,Burglary,-15.816438,32.484204,Chitungwiza
2025-01-20,Assault,-18.992356,25.874409,Gweru
2025-05-19,Vandalism,-19.159515,29.756339,Kadoma
2025-01-08,Fraud,-15.641415,32.647835,Mutare
2025-05-10,Vandalism,-20.872306,28.347064,Masvingo
2025-03-12,Burglary,-21.66743,26.176994,Marondera
2025-05-11,Burglary,-21.44365,31.221644,Gweru
2025-02-03,Theft,-16.16127,32.666256,Marondera
2025-03-23,Fraud,-16.924982,29.400792,Mutare
2025-02-24,Robbery,-17.353281,29.948387,Masvingo
2025-03-30,Burglary,-21.307113,26.043549,Kadoma
2025-04-17,Burglary,-19.417657,26.759454,Mutare
2025-04-05,Robbery,-20.891543,27.674705,Harare
2025-03-06,Vandalism,-19.459145,27.297551,Mutare
2025-04-20,Robbery,-21.262072,28.71033,Harare
2025-01-27,Drug Offense,-20.312761,26.370325,Gweru
2025-04-23,Assault,-21.877179,30.844354,Harare
2025-04-15,Robbery,-21.59472,32.053085,Bulawayo
2025-04-23,Assault,-15.608871,30.344485,Chitungwiza
2025-03-04,Robbery,-19.124954,29.811246,Harare
2025-04-11,Fraud,-20.764961,29.181366,Chitungwiza
2025-04-15,Robbery,-18.655701,29.709523,Marondera
2025-04-09,Burglary,-16.407777,25.541963,Chitungwiza
2025-02-04,Burglary,-16.501377,32.572272,Marondera
2025-02-21,Drug Offense,-19.666661,32.066366,Kadoma
2025-02-26,Robbery,-17.798502,31.053352,Mutare
2025-02-08,Burglary,-17.424166,27.68115,Marondera
2025-01-02,Burglary,-18.514923,33.420685,Gweru
2025-05-19,Robbery,-18.009251,33.770253,Gweru
2025-03-14,Drug Offense,-16.299252,33.748864,Masvingo
2025-02-26,Assault,-15.472754,27.963239,Harare
2025-02-17,Theft,-17.930854,28.106865,Masvingo
2025-03-16,Assault,-20.587305,26.092925,Masvingo
2025-03-22,Vandalism,-20.553879,29.006693,Marondera
2025-03-13,Robbery,-19.579068,26.005111,Masvingo
2025-04-27,Fraud,-15.874385,33.306633,Chitungwiza
2025-02-07,Burglary,-20.136485,27.411903,Bulawayo
2025-02-19,Theft,-21.573422,26.460562,Harare
2025-03-04,Assault,-15.125841,29.253146,Gweru
2025-05-05,Burglary,-17.889494,25.429851,Marondera
2025-04-15,Assault,-17.525325,32.70358,Gweru
2025-04-06,Drug Offense,-19.520958,30.82569,Bulawayo
2025-01-26,Burglary,-19.187607,27.263186,Bulawayo
2025-01-24,Theft,-19.79853,28.224209,Mutare
2025-05-03,Theft,-19.766333,28.315307,Marondera
2025-05-09,Assault,-16.48274,32.436067,Masvingo
2025-01-01,Drug Offense,-16.043902,25.890816,Marondera
2025-02-01,Burglary,-18.861882,26.763764,Mutare
2025-02-12,Robbery,-15.440979,29.613396,Harare
2025-02-22,Vandalism,-15.802025,28.050705,Harare
2025-03-24,Burglary,-18.830196,33.158589,Harare
2025-04-11,Drug Offense,-21.590785,33.703751,Harare
2025-03-30,Theft,-20.283189,27.071218,Masvingo
2025-03-29,Drug Offense,-15.702845,27.591931,Gweru
2025-01-01,Burglary,-16.42016,29.216007,Bulawayo
2025-01-10,Drug Offense,-21.754416,33.283334,Gweru
2025-02-18,Drug Offense,-15.074499,25.813133,Mutare
2025-01-10,Vandalism,-18.99075,32.600071,Chitungwiza
2025-03-23,Vandalism,-16.760389,29.251587,Gweru
2025-04-22,Theft,-20.873418,27.113256,Bulawayo
2025-02-07,Robbery,-16.929976,29.158924,Marondera
2025-05-17,Theft,-16.84287,32.718346,Harare
2025-05-01,Vandalism,-20.839894,32.648367,Marondera
2025-02-17,Drug Offense,-21.025578,26.751753,Harare
2025-01-27,Vandalism,-18.545137,27.468435,Bulawayo
2025-03-05,Burglary,-17.383336,31.438274,Masvingo
2025-04-12,Assault,-17.766588,33.653882,Chitungwiza
2025-01-14,Theft,-18.032241,27.408679,Marondera
2025-03-17,Robbery,-15.247724,25.376555,Chitungwiza
2025-05-12,Burglary,-18.210306,28.469833,Harare
2025-02-22,Burglary,-21.226755,32.329957,Masvingo
2025-05-19,Drug Offense,-17.680698,29.893876,Mutare
2025-03-15,Fraud,-15.183362,30.504118,Marondera
2025-03-21,Drug Offense,-20.970023,31.464037,Marondera
2025-01-05,Assault,-21.450948,31.718967,Marondera
2025-04-20,Drug Offense,-21.81257,33.799396,Harare
2025-02-11,Burglary,-18.335937,31.869883,Marondera
2025-01-21,Vandalism,-19.702292,28.678425,Harare
2025-01-15,Drug Offense,-20.350749,29.467341,Gweru
2025-05-08,Fraud,-21.985686,25.384338,Masvingo
2025-05-18,Vandalism,-15.548333,25.606041,Marondera
2025-05-13,Burglary,-15.220383,26.152568,Chitungwiza
2025-01-02,Drug Offense,-18.940945,31.178835,Masvingo
2025-05-11,Burglary,-20.361466,33.539542,Mutare
2025-02-08,Vandalism,-15.402365,26.259025,Chitungwiza
2025-01-19,Drug Offense,-17.923364,30.889519,Mutare
2025-04-21,Assault,-19.905641,27.056337,Marondera
2025-04-21,Assault,-20.251285,26.114782,Mutare
2025-01-08,Drug Offense,-18.964128,25.164832,Mutare
2025-02-17,Vandalism,-15.779841,30.176879,Mutare
2025-02-15,Drug Offense,-18.174052,25.034966,Mutare
2025-03-24,Fraud,-16.243754,32.385502,Bulawayo
2025-05-12,Robbery,-19.722967,26.333777,Mutare
2025-05-09,Assault,-17.364957,25.091072,Gweru
2025-01-09,Theft,-15.635107,30.238294,Kadoma
2025-05-17,Vandalism,-17.2869,30.845639,Masvingo
2025-04-13,Vandalism,-20.129169,27.775778,Kadoma
2025-04-24,Fraud,-19.030716,25.312272,Kadoma
2025-02-16,Robbery,-20.89525,30.959459,Gweru
2025-02-16,Vandalism,-21.552981,33.143979,Masvingo
2025-01-07,Drug Offense,-18.565112,28.852216,Kadoma
2025-04-02,Drug Offense,-16.702623,28.964031,Masvingo
2025-01-28,Fraud,-19.04975,32.610972,Kadoma
2025-03-01,Vandalism,-16.678734,33.468934,Gweru
2025-02-25,Burglary,-21.827844,25.942786,Harare
2025-02-26,Drug Offense,-19.360406,30.731811,Chitungwiza
2025-03-12,Vandalism,-17.441089,31.343307,Bulawayo
2025-05-08,Vandalism,-15.060207,33.944723,Bulawayo
2025-04-24,Fraud,-21.577953,25.023336,Harare
2025-02-01,Drug Offense,-17.883154,32.569875,Harare
2025-04-12,Burglary,-17.651998,31.637896,Chitungwiza
2025-03-02,Vandalism,-21.994729,29.757667,Harare
2025-03-01,Robbery,-17.865807,25.023525,Chitungwiza
2025-02-06,Theft,-21.734483,33.244089,Marondera
2025-01-04,Assault,-15.928053,26.692249,Kadoma
2025-01-05,Assault,-18.2687,26.851546,Harare
2025-01-18,Theft,-21.515879,31.373595,Masvingo
2025-01-05,Vandalism,-20.036935,32.975254,Kadoma
2025-01-14,Assault,-17.378612,33.482407,Mutare
2025-03-15,Fraud,-21.399256,33.743179,Mutare
2025-04-09,Vandalism,-15.851196,32.708473,Chitungwiza
2025-01-09,Fraud,-15.909774,26.88199,Marondera
2025-01-01,Assault,-18.731758,27.83496,Bulawayo
2025-03-30,Burglary,-17.366151,26.799201,Masvingo
2025-02-08,Assault,-20.585551,30.82021,Marondera
2025-02-24,Robbery,-15.53127,27.425679,Chitungwiza
2025-03-14,Burglary,-21.332779,33.032404,Bulawayo
2025-01-01,Vandalism,-17.191704,25.305925,Kadoma
2025-01-25,Robbery,-17.837908,31.703593,Chitungwiza
2025-01-26,Burglary,-18.029444,28.00209,Marondera
2025-04-09,Theft,-16.989688,30.426074,Kadoma
2025-02-14,Theft,-17.521492,33.152392,Masvingo
2025-04-06,Fraud,-19.892153,27.654993,Masvingo
2025-04-03,Robbery,-16.660262,30.71927,Marondera
2025-01-24,Fraud,-17.399162,25.50844,Chitungwiza
2025-03-12,Burglary,-19.573379,26.780899,Chitungwiza
2025-01-20,Drug Offense,-20.077218,32.253641,Kadoma
2025-04-17,Robbery,-17.982216,27.240288,Masvingo
2025-03-06,Assault,-19.048178,26.879298,Mutare
2025-01-18,Robbery,-21.803055,26.992064,Marondera
2025-02-24,Drug Offense,-17.11738,31.251127,Masvingo
2025-04-24,Assault,-18.759739,32.151372,Bulawayo
2025-02-10,Robbery,-15.338244,27.465902,Harare
2025-01-12,Drug Offense,-16.14916,28.541961,Gweru
2025-04-17,Fraud,-15.236869,29.819665,Masvingo
2025-02-20,Fraud,-17.872942,30.931309,Chitungwiza
2025-05-11,Vandalism,-20.556848,29.89672,Mutare
2025-02-19,Robbery,-21.424214,28.696895,Harare
2025-02-26,Assault,-21.118225,26.689122,Marondera
2025-01-12,Vandalism,-20.529437,26.546761,Gweru
2025-02-14,Fraud,-17.500013,27.607568,Mutare
2025-04-03,Assault,-15.205818,33.800912,Harare
2025-02-07,Theft,-20.885186,26.291787,Marondera
2025-03-28,Burglary,-19.509134,30.09217,Chitungwiza
2025-05-15,Theft,-18.214768,26.307157,Harare
2025-04-04,Assault,-17.984024,31.20158,Chitungwiza
2025-02-17,Drug Offense,-15.608095,27.600244,Kadoma
2025-01-15,Theft,-18.120956,30.135979,Mutare
2025-04-17,Theft,-20.21582,25.065427,Chitungwiza
2025-03-31,Drug Offense,-20.048978,28.901032,Harare
2025-02-27,Vandalism,-21.759241,30.988346,Harare
2025-05-13,Fraud,-19.327173,29.317041,Kadoma
2025-02-04,Burglary,-18.374174,33.659171,Masvingo
2025-04-20,Drug Offense,-17.800743,27.408667,Bulawayo
2025-02-26,Robbery,-20.732252,25.660626,Harare
2025-02-06,Burglary,-17.76091,31.525838,Chitungwiza
2025-05-16,Drug Offense,-16.620435,25.9984,Kadoma
2025-01-10,Drug Offense,-21.297538,32.429817,Gweru
2025-02-14,Vandalism,-17.283423,33.456229,Chitungwiza
2025-02-10,Theft,-17.747394,26.574854,Bulawayo
2025-03-11,Robbery,-16.290487,25.311216,Chitungwiza
2025-02-04,Burglary,-16.286479,25.667556,Chitungwiza
2025-04-24,Robbery,-19.702458,25.436099,Mutare
2025-01-18,Burglary,-18.237778,26.578893,Harare
2025-01-15,Assault,-17.70013,30.552389,Chitungwiza
2025-01-13,Drug Offense,-16.518814,31.171914,Masvingo
2025-04-20,Theft,-17.630348,25.755227,Gweru
2025-01-01,Robbery,-15.851878,32.445234,Marondera
2025-02-08,Fraud,-18.064466,27.160994,Gweru
2025-03-29,Assault,-20.105845,28.96114,Gweru
2025-03-27,Theft,-20.976362,31.382925,Gweru
2025-02-05,Robbery,-15.159699,30.293493,Chitungwiza
2025-03-17,Vandalism,-20.077032,32.216623,Bulawayo
2025-04-03,Fraud,-16.509459,26.731007,Bulawayo
2025-03-12,Robbery,-15.433578,33.158274,Harare
2025-02-12,Robbery,-19.505257,29.11845,Masvingo
2025-02-18,Burglary,-21.097785,26.432057,Gweru
2025-01-15,Assault,-20.058312,25.80651,Chitungwiza
2025-03-24,Vandalism,-21.521565,29.512393,Bulawayo
2025-02-02,Assault,-19.661096,25.145974,Gweru
2025-05-14,Vandalism,-20.82923,33.420579,Bulawayo
2025-03-25,Burglary,-16.409736,29.133968,Gweru
2025-02-06,Theft,-20.755847,33.387744,Harare
2025-04-28,Drug Offense,-19.218229,26.565871,Chitungwiza
2025-03-28,Theft,-17.484163,31.432861,Harare
2025-03-01,Theft,-15.926956,25.691788,Marondera
2025-03-13,Fraud,-20.889288,27.220017,Gweru
2025-02-13,Burglary,-17.855019,29.881925,Bulawayo
2025-03-24,Theft,-15.306053,30.879541,Kadoma
2025-01-06,Drug Offense,-21.4425,28.412182,Masvingo
2025-03-03,Fraud,-19.606317,33.152481,Harare
2025-01-17,Assault,-21.298698,31.605331,Kadoma
2025-02-02,Theft,-21.417256,30.784152,Kadoma
2025-04-08,Fraud,-17.503702,30.194013,Chitungwiza
2025-01-14,Assault,-17.621012,32.868809,Bulawayo
2025-01-15,Assault,-16.213638,32.336346,Masvingo
2025-04-07,Fraud,-19.630668,30.529399,Mutare
2025-03-10,Drug Offense,-19.190053,29.125696,Masvingo
2025-02-05,Burglary,-18.486145,25.884715,Bulawayo
2025-04-06,Assault,-19.700595,30.845819,Gweru
2025-03-08,Assault,-18.646741,32.75869,Harare
2025-01-27,Vandalism,-18.673483,32.716373,Marondera
2025-03-25,Robbery,-16.274064,26.297976,Masvingo
2025-04-29,Burglary,-20.643481,31.015331,Masvingo
2025-04-02,Drug Offense,-16.554388,25.88116,Harare
2025-03-27,Assault,-17.245584,29.079065,Masvingo
2025-04-05,Robbery,-20.147927,31.657339,Marondera
2025-04-23,Fraud,-20.044365,29.549562,Gweru
2025-03-13,Assault,-17.635929,33.78184,Harare
2025-05-13,Burglary,-16.044911,32.156488,Chitungwiza
2025-02-12,Assault,-17.119369,26.817623,Kadoma
2025-01-28,Drug Offense,-16.245874,26.32903,Kadoma
2025-03-28,Fraud,-18.833329,33.52981,Mutare
2025-01-12,Robbery,-18.188953,31.916147,Marondera
2025-04-26,Fraud,-20.927435,25.866783,Bulawayo
2025-04-12,Fraud,-16.184015,25.665993,Harare
2025-04-28,Vandalism,-20.325757,32.148049,Masvingo
2025-01-23,Vandalism,-18.024612,30.571461,Gweru
2025-01-15,Theft,-16.265846,29.997856,Masvingo
2025-02-04,Assault,-17.855601,29.718811,Mutare
2025-04-25,Vandalism,-16.905673,26.226921,Mutare
2025-05-08,Vandalism,-19.389624,25.063245,Kadoma
2025-01-31,Fraud,-17.261916,28.96027,Mutare
2025-02-17,Vandalism,-16.480279,28.893027,Kadoma
2025-03-03,Fraud,-15.965257,28.807153,Gweru
2025-04-01,Vandalism,-18.113259,32.251031,Masvingo
2025-02-26,Burglary,-20.668058,28.990881,Harare
2025-03-21,Burglary,-17.214623,27.227087,Gweru
2025-02-15,Vandalism,-18.225065,27.294844,Harare
2025-02-16,Robbery,-19.449599,30.556675,Chitungwiza
2025-05-07,Burglary,-15.06364,30.042611,Kadoma
2025-01-23,Fraud,-15.801716,28.309309,Harare
2025-05-05,Fraud,-18.746517,33.279325,Mutare
2025-03-16,Theft,-17.674797,32.206788,Harare
2025-04-25,Robbery,-15.812623,26.021739,Mutare
2025-02-26,Theft,-20.977572,30.628403,Gweru
2025-01-04,Vandalism,-21.970705,29.138354,Bulawayo
2025-01-09,Burglary,-17.815442,31.270096,Chitungwiza
2025-02-15,Vandalism,-17.172668,25.842527,Gweru
2025-01-25,Vandalism,-15.322541,31.374194,Gweru
2025-01-21,Assault,-19.221711,28.797479,Mutare
2025-03-21,Assault,-16.662164,26.952319,Chitungwiza
2025-03-11,Fraud,-17.020676,32.206819,Gweru
2025-05-13,Theft,-15.964179,25.758721,Masvingo
2025-01-03,Robbery,-15.82463,30.476411,Marondera
2025-02-17,Theft,-17.599481,31.946691,Gweru
2025-03-11,Theft,-18.935846,30.161038,Gweru
2025-05-17,Vandalism,-19.521738,29.210283,Chitungwiza
2025-03-25,Robbery,-16.20696,33.733176,Harare
2025-03-18,Assault,-21.414185,30.332621,Harare
2025-04-27,Theft,-16.350146,30.914463,Gweru
2025-01-17,Assault,-20.21968,28.582667,Chitungwiza
2025-02-18,Robbery,-15.281931,33.608298,Masvingo
2025-01-21,Theft,-20.760295,29.457813,Mutare
2025-01-19,Burglary,-21.532197,25.106875,Harare
2025-04-06,Burglary,-17.67155,30.231497,Gweru
2025-05-03,Fraud,-15.829932,25.725359,Marondera
2025-01-05,Drug Offense,-17.954272,26.422612,Kadoma
2025-01-02,Drug Offense,-18.111834,27.042766,Harare
2025-01-20,Robbery,-21.175614,28.625976,Marondera
2025-03-23,Assault,-19.955874,25.610311,Kadoma
2025-02-12,Assault,-18.154257,26.011264,Mutare
2025-05-01,Assault,-21.64809,28.388749,Masvingo
2025-01-05,Assault,-20.500075,28.905983,Mutare
2025-04-01,Fraud,-20.488558,31.014243,Chitungwiza
2025-04-29,Assault,-16.133352,28.026627,Chitungwiza
2025-03-02,Assault,-18.335047,28.782193,Mutare
2025-02-03,Theft,-20.243418,28.160705,Gweru
2025-04-17,Drug Offense,-17.898937,26.329383,Marondera
2025-04-27,Burglary,-15.104551,25.008889,Bulawayo
2025-01-19,Assault,-17.92344,30.121742,Gweru
2025-02-07,Robbery,-20.57929,33.337908,Harare
2025-02-28,Robbery,-16.367688,31.175518,Mutare
2025-05-02,Vandalism,-16.289835,26.96182,Gweru
2025-02-16,Fraud,-17.778809,28.277498,Kadoma
2025-02-24,Assault,-15.983453,29.932282,Kadoma
2025-05-08,Robbery,-18.872141,28.18767,Chitungwiza
2025-04-03,Assault,-21.135645,27.177628,Bulawayo
2025-03-30,Fraud,-17.709371,29.098915,Gweru
2025-03-18,Robbery,-20.998139,27.577647,Masvingo
2025-01-07,Fraud,-21.256019,26.243979,Masvingo
2025-03-04,Robbery,-19.219028,29.518691,Kadoma
2025-01-15,Drug Offense,-16.374118,32.079184,Bulawayo
2025-02-01,Burglary,-17.352976,25.917337,Kadoma
2025-04-05,Theft,-19.446435,31.952113,Gweru
2025-03-29,Robbery,-15.107751,28.953561,Chitungwiza
2025-04-22,Burglary,-17.060145,33.055311,Bulawayo
2025-04-25,Vandalism,-21.806428,32.610494,Masvingo
2025-01-06,Assault,-18.376919,33.660844,Kadoma
2025-02-22,Burglary,-17.880073,29.125431,Harare
2025-01-03,Theft,-18.424877,30.715869,Harare
2025-04-08,Drug Offense,-21.870806,28.941743,Chitungwiza
2025-03-26,Vandalism,-21.537015,32.440702,Harare
2025-01-30,Fraud,-18.338017,26.84103,Gweru
2025-02-24,Robbery,-16.937213,25.002886,Chitungwiza
2025-05-08,Robbery,-17.395888,27.762816,Mutare
2025-03-21,Theft,-20.364319,28.54216,Kadoma
2025-05-04,Burglary,-16.53586,30.777856,Marondera
2025-03-22,Robbery,-18.631382,29.488747,Bulawayo
2025-02-22,Vandalism,-20.580858,32.095399,Kadoma
2025-03-25,Fraud,-21.584161,28.272214,Bulawayo
2025-02-24,Burglary,-20.436385,31.248674,Harare
2025-03-28,Assault,-16.832087,31.637403,Gweru
2025-04-25,Robbery,-20.551865,31.120481,Kadoma
2025-03-15,Assault,-20.820948,25.210231,Marondera
2025-03-20,Drug Offense,-21.690069,33.381748,Gweru
2025-01-30,Drug Offense,-20.988404,31.180208,Chitungwiza
2025-05-01,Burglary,-16.357909,26.473414,Marondera
2025-01-17,Robbery,-19.656503,27.033476,Gweru
2025-04-24,Robbery,-15.367428,25.962297,Bulawayo
2025-01-06,Robbery,-20.622202,26.18433,Kadoma
2025-03-21,Assault,-17.420353,29.870374,Harare
2025-05-06,Robbery,-16.223974,29.452432,Kadoma
2025-03-17,Robbery,-15.379431,29.997296,Chitungwiza
2025-04-08,Theft,-21.883793,25.512008,Mutare
2025-05-08,Fraud,-19.913857,29.562774,Masvingo
2025-04-01,Vandalism,-19.075285,31.132422,Harare
2025-01-25,Drug Offense,-19.412302,25.280264,Chitungwiza
2025-02-10,Assault,-15.958224,29.627775,Gweru
2025-02-03,Drug Offense,-20.970641,29.153504,Masvingo
2025-01-14,Assault,-16.238461,29.990506,Marondera
2025-03-14,Drug Offense,-16.836206,31.722165,Masvingo
2025-03-31,Drug Offense,-21.990263,25.233328,Chitungwiza
2025-01-28,Robbery,-17.195711,31.278252,Gweru
2025-03-10,Assault,-16.005146,32.434455,Masvingo
2025-02-21,Fraud,-17.901634,25.665312,Chitungwiza
2025-04-21,Burglary,-15.621037,26.986602,Bulawayo
2025-03-10,Drug Offense,-17.500074,33.389398,Gweru
2025-01-13,Fraud,-20.366524,28.33342,Chitungwiza
2025-04-05,Vandalism,-21.358746,32.442857,Bulawayo
2025-03-06,Theft,-21.218328,29.530302,Gweru
2025-05-01,Fraud,-15.069658,26.717563,Masvingo
2025-01-08,Burglary,-17.882529,30.073812,Harare
2025-04-08,Robbery,-21.386678,26.679084,Masvingo
2025-01-24,Robbery,-20.734919,28.652248,Bulawayo
2025-04-05,Theft,-20.259986,30.874884,Bulawayo
2025-02-09,Fraud,-17.31745,29.537108,Harare
2025-04-20,Theft,-15.443256,29.250494,Chitungwiza
2025-03-21,Robbery,-20.954331,31.01846,Masvingo
2025-04-11,Robbery,-17.343227,33.931805,Masvingo
2025-03-26,Fraud,-19.827287,32.23259,Masvingo
2025-04-26,Theft,-20.924077,30.2575,Kadoma
2025-04-05,Drug Offense,-19.258406,29.698237,Mutare
2025-03-01,Burglary,-19.940611,28.260626,Chitungwiza
2025-05-17,Fraud,-21.763159,28.938999,Masvingo
2025-03-31,Assault,-17.792087,31.183431,Gweru
2025-02-11,Vandalism,-16.416149,31.580542,Gweru
2025-04-22,Fraud,-15.045961,33.905387,Gweru
2025-04-04,Theft,-18.716857,29.368772,Bulawayo
2025-02-19,Fraud,-15.901616,33.743373,Bulawayo
2025-01-14,Fraud,-17.161202,30.396472,Masvingo
2025-01-14,Vandalism,-15.231169,32.223601,Masvingo
2025-01-04,Vandalism,-16.259791,27.433908,Bulawayo
2025-05-15,Robbery,-18.164768,30.270998,Harare
2025-05-09,Drug Offense,-19.828346,27.801407,Harare
2025-05-13,Burglary,-21.998716,26.33513,Gweru
2025-02-13,Theft,-21.765694,33.5515,Gweru
2025-02-28,Assault,-21.156156,33.617747,Masvingo
2025-03-24,Theft,-17.472556,33.480415,Mutare
2025-03-11,Fraud,-16.528357,30.010292,Kadoma
2025-04-27,Drug Offense,-17.991327,29.840036,Chitungwiza
2025-03-29,Drug Offense,-15.232821,30.740218,Mutare
2025-04-10,Burglary,-17.341115,27.628666,Harare
2025-04-05,Vandalism,-15.740237,28.395413,Harare
2025-05-17,Theft,-19.5438,27.875671,Harare
2025-03-14,Robbery,-19.413758,26.53612,Gweru
2025-03-05,Theft,-21.920067,27.38539,Harare
2025-04-06,Drug Offense,-19.800767,29.327789,Mutare
2025-04-08,Fraud,-15.427919,27.815754,Gweru
2025-03-28,Theft,-20.930934,28.10898,Gweru
2025-01-18,Assault,-15.90187,32.046868,Gweru
2025-02-18,Robbery,-21.723944,32.120492,Marondera
2025-02-25,Fraud,-17.171107,29.633619,Bulawayo
2025-05-18,Robbery,-19.632295,27.096394,Chitungwiza
2025-03-14,Theft,-17.253895,27.705675,Kadoma
2025-05-10,Assault,-20.225442,29.944142,Bulawayo
2025-02-25,Robbery,-20.814129,25.691816,Kadoma
2025-04-14,Burglary,-15.578691,29.114111,Gweru
2025-02-28,Theft,-16.338098,28.082724,Mutare
2025-04-27,Fraud,-19.944914,28.596398,Mutare
2025-03-26,Theft,-19.22222,28.398556,Marondera
2025-03-29,Fraud,-15.92852,33.591191,Masvingo
2025-01-16,Fraud,-21.116589,33.865018,Gweru
2025-01-09,Fraud,-15.491019,30.970308,Masvingo
2025-05-10,Assault,-16.697527,30.705951,Gweru
2025-05-03,Burglary,-15.683987,26.53603,Bulawayo
2025-03-08,Fraud,-21.13235,30.11202,Harare
2025-04-18,Assault,-19.537497,26.55316,Masvingo
2025-03-10,Fraud,-19.827931,27.565312,Masvingo
2025-01-29,Robbery,-17.1853,26.225936,Kadoma
2025-02-18,Theft,-18.680884,25.105241,Chitungwiza
2025-04-04,Burglary,-21.220054,29.273961,Kadoma
2025-03-04,Burglary,-19.885028,26.195185,Kadoma
2025-03-30,Burglary,-21.049365,33.945847,Gweru
2025-03-22,Drug Offense,-19.459149,32.056494,Mutare
2025-01-21,Fraud,-21.527282,27.672618,Marondera
2025-04-12,Drug Offense,-18.314242,32.22265,Mutare
2025-05-14,Assault,-18.97158,29.60117,Marondera
2025-02-20,Burglary,-19.219231,25.999462,Chitungwiza
2025-01-05,Theft,-21.186149,25.414212,Mutare
2025-03-25,Vandalism,-17.534423,31.2383,Mutare
2025-02-01,Assault,-15.522068,30.537146,Marondera
2025-04-19,Burglary,-20.577352,29.910804,Gweru
2025-01-16,Drug Offense,-18.927197,27.94743,Kadoma
2025-01-17,Robbery,-15.081253,32.306166,Marondera
2025-04-10,Theft,-17.571829,25.541056,Gweru
2025-03-26,Drug Offense,-19.990284,30.922734,Gweru
2025-02-25,Burglary,-21.77809,25.040424,Mutare
2025-05-10,Theft,-16.364049,31.238687,Masvingo
2025-03-12,Assault,-21.937938,30.267189,Bulawayo
2025-01-21,Fraud,-20.479634,29.407491,Chitungwiza
2025-01-27,Burglary,-18.957093,30.065204,Bulawayo
2025-02-05,Vandalism,-18.815582,33.62994,Bulawayo
2025-03-16,Fraud,-15.044594,33.800954,Harare
2025-02-28,Robbery,-19.837919,26.362184,Marondera
2025-01-26,Fraud,-18.616708,30.043773,Masvingo
2025-05-18,Drug Offense,-18.784094,33.268655,Bulawayo
2025-01-25,Fraud,-18.665047,28.05674,Bulawayo
2025-04-18,Drug Offense,-19.86383,27.718931,Harare
2025-02-09,Robbery,-16.302364,31.665664,Gweru
2025-03-12,Burglary,-18.093185,27.595354,Harare
2025-04-23,Robbery,-21.372562,32.946033,Mutare
2025-01-23,Robbery,-20.645946,28.626449,Masvingo
2025-03-10,Drug Offense,-15.489242,32.272769,Bulawayo
2025-05-17,Burglary,-15.335737,26.560811,Harare
2025-03-01,Vandalism,-19.497341,32.924439,Marondera
2025-01-02,Drug Offense,-20.1268,29.595509,Chitungwiza
2025-05-20,Robbery,-19.788183,25.675662,Gweru
2025-02-24,Fraud,-21.383479,32.511892,Kadoma
2025-01-15,Fraud,-21.808802,31.126361,Bulawayo
2025-02-13,Vandalism,-18.63219,32.733591,Marondera
2025-04-19,Drug Offense,-17.781944,28.096981,Harare
2025-02-11,Robbery,-18.097965,28.556332,Mutare
2025-03-05,Robbery,-19.883235,29.513196,Masvingo
2025-02-10,Theft,-16.769453,28.048461,Masvingo
2025-03-06,Vandalism,-20.373314,25.881193,Bulawayo
2025-04-13,Drug Offense,-16.438744,30.318351,Harare
2025-01-26,Drug Offense,-19.281994,25.161379,Marondera
2025-01-30,Burglary,-18.264993,27.170958,Marondera
2025-03-25,Fraud,-16.292259,27.79389,Gweru
2025-03-05,Assault,-20.170556,30.766239,Marondera
2025-01-04,Fraud,-15.243441,32.020577,Gweru
2025-01-28,Assault,-17.196004,26.881631,Marondera
2025-05-03,Drug Offense,-17.544526,30.46398,Gweru
2025-03-31,Drug Offense,-17.529751,25.730176,Masvingo
2025-04-15,Fraud,-18.326218,27.573264,Gweru
2025-01-22,Robbery,-18.326326,30.0962,Bulawayo
2025-03-29,Drug Offense,-15.759005,33.738607,Masvingo
2025-02-09,Assault,-16.70069,28.740624,Mutare
2025-03-27,Assault,-15.353447,33.219222,Gweru
2025-05-06,Drug Offense,-16.214694,25.190787,Bulawayo
2025-01-15,Vandalism,-17.935283,27.602687,Harare
2025-03-02,Vandalism,-17.348349,30.600582,Mutare
2025-05-02,Drug Offense,-16.568945,27.916299,Chitungwiza
2025-01-20,Vandalism,-16.038157,30.730712,Bulawayo
2025-01-23,Drug Offense,-17.552986,33.518795,Gweru
2025-03-18,Fraud,-19.251741,29.95943,Marondera
2025-01-25,Robbery,-20.719003,32.700864,Gweru
2025-05-08,Burglary,-21.735457,27.553799,Bulawayo
2025-03-01,Assault,-18.519993,26.968106,Marondera
2025-05-05,Assault,-17.778107,26.01936,Chitungwiza
2025-03-27,Assault,-20.410969,28.135554,Masvingo
2025-01-21,Drug Offense,-21.868042,30.526354,Bulawayo
2025-01-25,Fraud,-15.266237,27.003937,Gweru
2025-04-15,Vandalism,-15.531769,33.102876,Harare
2025-02-04,Assault,-17.980989,32.094503,Masvingo
2025-01-19,Assault,-18.706406,25.235593,Mutare
2025-02-13,Drug Offense,-20.326922,25.470774,Kadoma
2025-05-14,Fraud,-21.291947,25.019862,Kadoma
2025-03-18,Robbery,-20.778274,29.529332,Kadoma
2025-04-03,Burglary,-21.196336,33.227562,Gweru
2025-01-20,Fraud,-19.617095,33.13668,Bulawayo
2025-03-03,Theft,-15.873612,27.513522,Gweru
2025-03-04,Theft,-18.182188,32.153152,Harare
2025-02-02,Burglary,-20.999997,33.620513,Gweru
2025-01-07,Fraud,-21.487457,32.970364,Gweru
2025-03-07,Drug Offense,-20.931292,26.462748,Masvingo
2025-01-30,Robbery,-17.026124,26.297896,Bulawayo
2025-02-14,Fraud,-19.326945,28.018104,Marondera
2025-02-19,Theft,-16.066577,33.165019,Gweru
2025-01-04,Robbery,-21.225225,30.973197,Masvingo
2025-04-10,Vandalism,-16.679934,27.542506,Kadoma
2025-01-09,Vandalism,-18.732122,32.103477,Harare
2025-01-14,Vandalism,-18.943718,28.633659,Marondera
2025-01-25,Fraud,-16.142598,25.575338,Chitungwiza
2025-04-10,Fraud,-17.190921,31.306763,Marondera
2025-04-12,Drug Offense,-20.213702,25.010457,Gweru
2025-01-13,Burglary,-20.499235,32.574708,Harare
2025-01-18,Vandalism,-20.887646,32.007212,Chitungwiza
2025-04-22,Theft,-21.388253,25.07869,Kadoma
2025-02-12,Theft,-17.910764,27.213906,Bulawayo
2025-01-05,Theft,-18.220059,33.917794,Mutare
2025-03-19,Burglary,-17.403363,33.35803,Kadoma
2025-03-21,Fraud,-18.103892,30.657853,Gweru
2025-03-13,Robbery,-21.049402,29.936212,Kadoma
2025-01-07,Drug Offense,-16.983915,33.227881,Harare
2025-01-31,Fraud,-15.060937,29.973782,Chitungwiza
2025-01-21,Robbery,-19.195583,32.065556,Harare
2025-01-20,Robbery,-19.549618,25.275624,Gweru
2025-01-06,Robbery,-16.137745,32.91862,Harare
2025-04-22,Robbery,-19.320352,30.420052,Bulawayo
2025-04-22,Vandalism,-21.656955,31.716245,Gweru
2025-01-03,Vandalism,-19.522167,27.562066,Kadoma
2025-04-03,Robbery,-20.752068,28.580927,Chitungwiza
2025-04-30,Drug Offense,-17.848793,25.74401,Kadoma
2025-03-13,Robbery,-16.449698,33.512463,Harare
2025-01-21,Burglary,-16.465401,27.551569,Masvingo
2025-01-07,Assault,-18.696607,33.231606,Bulawayo
2025-04-10,Fraud,-18.470901,27.1841,Kadoma
2025-04-30,Burglary,-19.737572,28.963565,Bulawayo
2025-05-17,Fraud,-18.047018,33.520898,Bulawayo
2025-03-19,Assault,-21.315311,32.817423,Mutare
2025-04-09,Drug Offense,-17.805785,25.375634,Bulawayo
2025-05-16,Robbery,-15.871694,27.71034,Kadoma
2025-02-15,Fraud,-17.695001,27.616339,Marondera
2025-05-15,Vandalism,-18.492576,29.309995,Harare
2025-03-07,Fraud,-16.635732,30.277473,Mutare
2025-04-15,Fraud,-21.193431,25.810771,Mutare
2025-02-07,Burglary,-20.510011,26.137949,Gweru
2025-03-08,Assault,-21.013587,28.413184,Kadoma
2025-02-05,Fraud,-19.270843,32.676568,Gweru
2025-03-28,Fraud,-20.027677,29.571883,Kadoma
2025-01-12,Theft,-20.941413,27.301807,Masvingo
2025-02-28,Burglary,-16.410689,33.353508,Kadoma
2025-01-28,Theft,-15.905406,25.779922,Chitungwiza
2025-03-06,Burglary,-17.83818,25.104519,Chitungwiza
2025-04-14,Theft,-20.851289,30.787,Gweru
2025-02-01,Theft,-20.486097,30.293838,Masvingo
2025-01-30,Robbery,-21.123235,29.397554,Marondera
2025-02-14,Assault,-20.468531,30.489448,Marondera
2025-04-02,Assault,-19.576487,25.268156,Gweru
2025-01-10,Theft,-19.075782,33.176361,Marondera
2025-03-22,Vandalism,-15.709829,30.121333,Masvingo
2025-01-27,Drug Offense,-17.590297,25.68048,Masvingo
2025-02-28,Vandalism,-17.121079,27.673576,Harare
2025-02-22,Fraud,-17.406391,32.085583,Masvingo
2025-04-02,Fraud,-18.128098,31.834746,Mutare
2025-03-04,Drug Offense,-17.516314,27.573764,Gweru
2025-04-28,Drug Offense,-19.426858,30.864559,Harare
2025-04-29,Theft,-15.547859,33.295832,Masvingo
2025-03-19,Assault,-16.086853,27.036526,Bulawayo
2025-04-29,Fraud,-18.707176,29.191887,Harare
2025-04-11,Drug Offense,-19.041211,32.047804,Harare
2025-02-24,Robbery,-19.57183,32.613531,Gweru
2025-02-02,Assault,-18.467702,32.132615,Mutare
2025-03-06,Assault,-20.323704,25.305981,Harare
2025-05-16,Vandalism,-15.63609,33.846462,Bulawayo
2025-04-22,Robbery,-15.715013,28.908232,Harare
2025-03-16,Robbery,-20.749251,32.164336,Harare
2025-05-16,Drug Offense,-15.099715,31.827305,Kadoma
2025-01-20,Theft,-20.966026,29.704368,Mutare
2025-04-14,Vandalism,-21.620076,30.050648,Harare
2025-03-08,Theft,-17.792135,33.225054,Bulawayo
2025-04-11,Drug Offense,-21.751412,28.543263,Masvingo
2025-04-22,Burglary,-21.317335,31.660473,Harare
2025-05-13,Drug Offense,-20.952675,31.778678,Gweru
2025-02-25,Robbery,-17.710046,26.852678,Kadoma
2025-03-25,Assault,-15.318632,33.392392,Masvingo
2025-04-23,Fraud,-21.423652,31.302105,Harare
2025-02-12,Fraud,-16.745559,31.942054,Kadoma
2025-01-09,Drug Offense,-17.821643,33.284112,Bulawayo
2025-03-12,Theft,-20.035982,27.614579,Gweru
2025-04-28,Drug Offense,-21.660879,26.805628,Masvingo
2025-02-13,Burglary,-21.91149,27.184407,Marondera
2025-03-06,Drug Offense,-15.346009,31.932956,Masvingo
2025-01-06,Assault,-21.381623,28.839137,Marondera
2025-04-13,Vandalism,-17.711903,32.968148,Chitungwiza
2025-04-02,Fraud,-15.987228,29.973944,Gweru
2025-05-07,Theft,-21.178677,27.70311,Harare
2025-03-15,Drug Offense,-21.250752,26.322634,Bulawayo
2025-03-28,Robbery,-16.401312,28.606574,Marondera
2025-02-27,Drug Offense,-20.134868,28.463519,Gweru
2025-02-16,Vandalism,-19.045886,28.176264,Gweru
2025-02-10,Theft,-18.089006,29.947965,Harare
2025-02-24,Vandalism,-15.463365,31.792807,Chitungwiza
2025-05-12,Burglary,-16.468026,28.245143,Marondera
2025-03-18,Fraud,-20.581196,33.489588,Bulawayo
2025-02-13,Fraud,-20.971967,29.847779,Bulawayo
2025-03-19,Burglary,-21.69529,31.440829,Gweru
2025-03-12,Drug Offense,-20.845648,27.312787,Gweru
2025-01-03,Assault,-21.036228,31.723891,Harare
2025-03-29,Drug Offense,-20.25137,30.349506,Kadoma
2025-02-21,Robbery,-20.342223,25.569349,Kadoma
2025-03-02,Robbery,-20.126079,28.256899,Kadoma
2025-03-09,Drug Offense,-16.671332,32.350827,Harare
2025-02-07,Theft,-18.247338,26.125673,Mutare
2025-02-20,Robbery,-16.534876,29.223222,Marondera
2025-01-25,Assault,-18.894958,31.656266,Kadoma
2025-02-28,Assault,-17.875743,25.394532,Harare
2025-01-16,Vandalism,-19.242119,31.852182,Mutare
2025-04-10,Theft,-20.297491,29.256591,Kadoma
2025-05-11,Drug Offense,-20.185965,31.808763,Bulawayo
2025-05-20,Drug Offense,-20.577563,32.480903,Masvingo
2025-02-13,Robbery,-18.101271,26.302331,Gweru
2025-05-02,Fraud,-16.35064,27.586826,Masvingo
2025-02-22,Theft,-17.812003,32.496316,Bulawayo
2025-01-12,Assault,-15.989812,29.099782,Marondera
2025-03-27,Drug Offense,-20.501086,33.507915,Masvingo
2025-05-06,Fraud,-21.019043,28.131254,Harare
2025-01-26,Theft,-21.156322,31.340222,Kadoma
2025-01-15,Assault,-21.232896,30.279308,Masvingo
2025-02-23,Theft,-21.94673,26.100798,Kadoma
2025-01-12,Fraud,-17.252637,26.676464,Harare
2025-01-24,Robbery,-21.366882,25.156064,Bulawayo
2025-05-02,Robbery,-20.696373,26.277687,Kadoma
2025-04-19,Burglary,-15.768774,26.355225,Harare
2025-05-06,Assault,-21.85659,28.789558,Chitungwiza
2025-01-01,Theft,-20.567099,28.442422,Harare
2025-03-29,Vandalism,-19.443023,33.952681,Kadoma
2025-01-20,Burglary,-19.818623,30.095122,Mutare
2025-04-16,Fraud,-20.689856,31.946103,Chitungwiza
2025-01-01,Vandalism,-16.786558,27.931364,Masvingo
2025-04-14,Vandalism,-19.490488,32.640754,Kadoma
2025-04-05,Drug Offense,-18.715281,33.012708,Masvingo
2025-03-19,Drug Offense,-20.389763,26.387906,Harare
2025-04-24,Drug Offense,-16.127586,33.321967,Chitungwiza
2025-04-03,Assault,-21.661546,25.009969,Bulawayo
2025-01-09,Robbery,-21.529915,30.155032,Marondera
2025-05-02,Robbery,-21.044198,27.694549,Harare
2025-01-27,Assault,-18.914137,31.709785,Bulawayo
2025-03-08,Vandalism,-16.856182,33.872849,Marondera
2025-05-12,Fraud,-21.993843,33.242312,Bulawayo
2025-04-27,Robbery,-21.875371,30.097677,Masvingo
2025-03-01,Vandalism,-19.129682,27.254185,Chitungwiza
2025-01-06,Robbery,-21.76449,31.793445,Kadoma
2025-01-21,Assault,-15.039183,33.237106,Chitungwiza
2025-01-29,Theft,-17.732894,28.124084,Masvingo
2025-03-20,Drug Offense,-15.745576,29.193577,Harare
2025-01-13,Robbery,-17.255866,32.586905,Kadoma
2025-02-06,Assault,-21.069148,25.00431,Masvingo
2025-05-17,Fraud,-15.506348,33.08705,Bulawayo
2025-04-07,Assault,-20.239349,30.128925,Kadoma
2025-05-19,Drug Offense,-20.389428,33.8628,Marondera
2025-04-26,Fraud,-16.563907,28.918305,Harare
2025-01-15,Vandalism,-21.861025,29.106653,Harare
2025-03-09,Burglary,-21.628262,26.341201,Bulawayo
2025-01-30,Fraud,-15.938079,30.820127,Marondera
2025-04-22,Fraud,-16.439173,28.483562,Gweru
2025-02-25,Vandalism,-15.94851,32.02489,Marondera
2025-05-16,Burglary,-16.496477,28.113443,Kadoma
2025-02-24,Burglary,-16.016187,28.932563,Mutare
2025-01-22,Fraud,-15.494603,32.757413,Marondera
2025-03-14,Fraud,-16.728957,28.786005,Masvingo
2025-01-12,Drug Offense,-19.435991,29.003715,Gweru
2025-02-03,Fraud,-21.554097,26.973854,Bulawayo
2025-04-01,Theft,-20.228255,26.586569,Mutare
2025-03-15,Drug Offense,-19.945012,31.512568,Harare
2025-04-22,Fraud,-21.95093,32.432897,Marondera
2025-02-10,Assault,-19.697844,26.668922,Chitungwiza
2025-03-10,Fraud,-18.211771,31.821168,Kadoma
2025-03-22,Vandalism,-16.386681,30.41194,Chitungwiza
2025-01-10,Burglary,-21.336518,26.363967,Kadoma
2025-03-14,Fraud,-20.755207,26.01918,Gweru
2025-01-23,Assault,-15.469827,31.566001,Kadoma
2025-01-18,Fraud,-18.276741,28.477094,Marondera
2025-02-06,Drug Offense,-16.25504,28.309618,Chitungwiza
2025-05-17,Fraud,-20.000758,31.208214,Chitungwiza
2025-05-13,Drug Offense,-18.16159,29.10413,Harare
2025-04-24,Drug Offense,-18.537723,32.055489,Gweru
2025-05-16,Assault,-15.074629,31.870682,Mutare
2025-02-27,Assault,-18.837143,27.611384,Harare
2025-05-09,Robbery,-20.579469,27.921569,Gweru
2025-04-27,Assault,-20.26252,30.082969,Mutare
2025-04-18,Theft,-18.202198,27.725183,Marondera
2025-04-25,Theft,-17.018467,28.481191,Marondera
2025-02-05,Burglary,-17.668552,29.136425,Masvingo
2025-04-02,Vandalism,-16.109616,26.033202,Marondera
2025-02-08,Vandalism,-21.346744,30.58746,Chitungwiza
2025-03-11,Burglary,-15.625636,30.19545,Masvingo
2025-05-04,Theft,-18.633368,32.539858,Chitungwiza
2025-02-19,Assault,-15.226533,27.12343,Masvingo
2025-01-29,Robbery,-16.714266,32.372385,Kadoma
2025-03-01,Theft,-21.987336,30.898558,Harare
2025-02-13,Vandalism,-18.115522,31.376724,Kadoma
2025-04-01,Assault,-18.867347,30.719389,Mutare
2025-01-14,Vandalism,-17.613006,26.368979,Marondera
2025-04-28,Assault,-15.839069,28.558805,Gweru
2025-01-11,Burglary,-15.379067,25.703872,Mutare
2025-02-25,Assault,-15.43839,28.441977,Masvingo
2025-03-13,Robbery,-21.963838,30.819136,Harare
2025-02-07,Robbery,-17.19572,33.779216,Kadoma
2025-03-18,Fraud,-20.06762,30.875617,Harare
2025-01-14,Theft,-19.710927,31.01748,Kadoma
2025-04-28,Assault,-18.56713,32.93588,Chitungwiza
2025-02-13,Burglary,-16.099059,28.552935,Gweru
2025-04-11,Theft,-15.96829,25.713437,Kadoma
2025-02-14,Burglary,-20.954214,25.973813,Mutare
2025-04-19,Drug Offense,-21.839646,33.527334,Marondera
2025-02-04,Theft,-18.804422,32.332835,Bulawayo
2025-05-18,Fraud,-15.393962,32.986259,Chitungwiza
2025-03-18,Drug Offense,-18.428459,25.20307,Harare
2025-05-03,Assault,-15.326805,26.922053,Kadoma
2025-04-05,Burglary,-18.346031,31.531591,Chitungwiza
2025-03-30,Drug Offense,-17.966903,33.796473,Masvingo
2025-01-13,Drug Offense,-18.65224,26.7992,Marondera
2025-02-07,Drug Offense,-21.854376,31.079281,Chitungwiza
2025-03-18,Assault,-19.94305,26.972081,Chitungwiza
2025-04-26,Robbery,-16.462523,32.848125,Masvingo
2025-02-18,Robbery,-18.20578,28.405787,Masvingo
2025-02-09,Vandalism,-21.32845,29.000639,Chitungwiza
2025-05-06,Fraud,-19.35506,31.067549,Masvingo
2025-03-02,Drug Offense,-17.908228,33.258695,Bulawayo
2025-03-19,Assault,-19.984922,29.136566,Masvingo
2025-03-28,Assault,-20.253039,33.876904,Harare
2025-02-26,Assault,-21.506348,32.053562,Kadoma
2025-05-11,Drug Offense,-20.965223,25.927603,Chitungwiza
2025-04-29,Vandalism,-15.808517,26.042118,Gweru
2025-02-26,Drug Offense,-17.504682,25.08782,Harare
2025-05-06,Fraud,-15.672967,30.402179,Marondera
2025-04-06,Vandalism,-17.298692,27.74743,Masvingo
2025-05-16,Burglary,-19.145672,27.765066,Bulawayo
2025-04-12,Fraud,-17.122574,28.424417,Bulawayo
2025-03-26,Robbery,-15.274569,28.127877,Kadoma
2025-04-24,Vandalism,-15.040968,30.474888,Marondera
2025-05-08,Burglary,-19.200713,30.538475,Masvingo
2025-02-01,Vandalism,-17.249833,31.494594,Masvingo
2025-03-14,Drug Offense,-19.931736,28.604442,Marondera
2025-01-25,Burglary,-18.238423,31.88757,Masvingo
2025-01-04,Drug Offense,-20.276792,32.488818,Kadoma
2025-03-03,Drug Offense,-16.566939,32.758254,Kadoma
2025-02-24,Assault,-21.403549,33.329374,Gweru
2025-05-11,Theft,-15.349047,27.429113,Gweru
2025-03-31,Vandalism,-15.949756,31.538214,Kadoma
2025-01-16,Drug Offense,-19.55055,29.27265,Chitungwiza
2025-02-25,Theft,-15.550813,28.588921,Bulawayo
2025-04-26,Robbery,-21.146028,33.207876,Mutare
2025-04-24,Robbery,-20.562851,29.639728,Harare
2025-03-31,Drug Offense,-16.827753,33.884274,Chitungwiza
2025-02-03,Assault,-20.850301,28.292414,Masvingo
2025-01-06,Burglary,-21.542431,29.416472,Masvingo
2025-02-15,Robbery,-18.833443,26.576386,Mutare
2025-04-13,Burglary,-15.042227,31.390461,Gweru
2025-01-29,Assault,-17.989439,27.154003,Marondera
2025-04-14,Robbery,-16.7364,31.216116,Kadoma
2025-03-06,Fraud,-19.253317,30.680475,Mutare
2025-01-26,Drug Offense,-21.798613,27.378611,Bulawayo
2025-01-11,Theft,-15.107053,32.476828,Marondera
2025-04-03,Drug Offense,-15.82866,27.78843,Mutare
2025-04-21,Burglary,-15.862744,27.314507,Chitungwiza
2025-01-02,Burglary,-19.185141,27.204128,Chitungwiza
2025-03-24,Theft,-19.190202,30.413081,Harare
2025-02-14,Assault,-19.728152,33.801737,Chitungwiza
2025-01-11,Fraud,-17.197504,26.044525,Mutare
2025-05-05,Theft,-18.558846,25.65219,Mutare
2025-05-04,Assault,-20.366135,28.771682,Masvingo
2025-04-24,Burglary,-20.279527,29.520513,Harare
2025-02-18,Fraud,-20.496884,32.58305,Marondera
2025-03-03,Burglary,-17.457702,25.248715,Chitungwiza
2025-03-18,Drug Offense,-20.01068,33.641672,Gweru
2025-04-17,Fraud,-17.841867,29.114804,Marondera
2025-03-22,Burglary,-17.114695,26.702036,Kadoma
2025-03-05,Burglary,-15.625235,25.149962,Masvingo
2025-02-28,Robbery,-15.764127,30.666091,Marondera
2025-01-25,Assault,-18.316065,27.431418,Chitungwiza
2025-02-10,Fraud,-17.602147,28.353955,Gweru
2025-04-27,Theft,-15.840616,29.698386,Chitungwiza
2025-01-26,Burglary,-19.761416,29.748843,Chitungwiza
2025-01-03,Burglary,-19.051205,30.68767,Masvingo
2025-05-09,Theft,-18.86135,28.371124,Bulawayo
2025-04-27,Robbery,-20.789882,33.608559,Masvingo
2025-02-19,Assault,-17.562323,26.689537,Harare
2025-03-15,Robbery,-17.187474,30.489259,Bulawayo
2025-01-12,Vandalism,-19.417624,32.08727,Gweru
2025-05-07,Vandalism,-17.930536,26.169581,Marondera
2025-02-28,Drug Offense,-21.498446,26.113148,Marondera
2025-04-13,Fraud,-15.724078,29.545128,Marondera
2025-03-07,Robbery,-18.154682,28.648936,Kadoma
2025-02-24,Fraud,-16.151344,26.844784,Harare
2025-03-01,Robbery,-19.479748,29.093312,Masvingo
2025-05-17,Vandalism,-16.1641,31.421546,Gweru
2025-03-23,Theft,-19.91251,26.952982,Gweru
2025-03-07,Burglary,-20.076624,31.244115,Mutare
2025-01-14,Robbery,-18.248467,26.605451,Kadoma
2025-04-13,Drug Offense,-20.361147,32.898186,Harare
2025-02-24,Vandalism,-15.728283,32.877547,Kadoma
2025-01-20,Drug Offense,-15.667024,25.113539,Bulawayo
2025-04-03,Theft,-19.14001,32.027862,Harare
2025-01-25,Robbery,-17.64846,26.708343,Masvingo
2025-01-23,Theft,-15.497159,27.952984,Harare
2025-01-28,Theft,-17.890517,27.700197,Marondera
2025-04-04,Robbery,-21.04936,26.068851,Mutare
2025-03-15,Vandalism,-20.577176,28.514069,Gweru
2025-02-23,Burglary,-19.691194,31.095155,Kadoma
